versao;tipo;cnpj;passivoTotal;periodo;ativoTotal;ativoCirc;caixa;aplicacoesFin;disponivel;contasReceber;estoques;ativoLP;passivoCirc;passivoLP;dividaBruta;dividaLiq;patLiq;receitaBruta;cmv;lucroBruto;despesasOper;lucroOper;receitasDespesasFin;impostoRenda;lair;lucroLiq;dividendosPagos;jcp;total_shares;on_shares;pn_shares;ano;trimestre
1.0;1.0;33.042.730/0001-04;69678932000;2021.1T;69678932000;29770912000;13908238000;4282151000;18190389000;4219052000;5673189000;39908020000;16545529000;35858067000;52403596000;34213207000;17275336000;11913328000;-6178784000;5734544000;1442516000;7177060000;-201507000;-1278240000.0;6975553000;5697313000;0;0;1387524047;1387524047;0;2021;1
1.0;1.0;07.859.971/0001-30;15020635000;2021.1T;15020635000;2618436000;1021839000;0;1021839000;202379000;0;12402199000;895118000;7527306000;8422424000;7400585000;6598211000;908449000;-197049000;711400000;162644000;874044000;-183098000;-135094000.0;690946000;555852000;0;0;1033496721;590714069;442782652;2021;1
3.0;1.0;53.113.791/0001-22;5435297000;2021.1T;5435297000;3090775000;1100022000;92029000;1192051000;1788166000;0;2344522000;2197870000;534739000;2732609000;1540558000;2702688000;720256000;-222540000;497716000;-369802000;127914000;-7829000;-39440000.0;120085000;80645000;0;0;617183181;617183181;0;2021;1
1.0;1.0;33.256.439/0001-39;37471194000;2021.1T;37471194000;18419414000;3933203000;3553474000;7486677000;4305518000;4491697000;19051780000;9218602000;18289951000;27508553000;20021876000;9962641000;23950284000;-22234378000;1715906000;-1143774000;572132000;-333681000;-101021000.0;238451000;137430000;0;0;1115151608;1115151608;0;2021;1
2.0;1.0;50.746.577/0001-15;76957322000;2021.1T;76957322000;17083111000;7933170000;0;7933170000;2285407000;961975000;59874211000;7925276000;47392694000;55317970000;47384800000;21639352000;4715799000;-3369867000;1345932000;-297582000;1048350000;-381911000;41824000.0;666439000;708263000;3407000;0;1874070932;1874070932;0;2021;1
1.0;1.0;16.404.287/0001-55;104526468000;2021.1T;104526468000;18659212000;5334508000;4028038000;9362546000;3692928000;3989789000;85867256000;8979194000;90982933000;99962127000;90599581000;4564341000;8889166000;-4845034000;4044132000;-437201000;3606931000;-8667121000;2304931000.0;-5060190000;-2755259000;0;0;1361263584;1361263584;0;2021;1
1.0;1.0;09.346.601/0001-25;46194195000;2021.1T;46194195000;16882731000;1536454000;14089062000;15625516000;366144000;0;29311464000;9503959000;12332966000;21836925000;6211409000;24357270000;2396704000;0;2396704000;-659977000;1736727000;-43848000;-436852000.0;1692879000;1256027000;0;232500000;6099000000;6099000000;0;2021;1
1.0;1.0;07.689.002/0001-89;58728561000;2021.1T;58728561000;33631535000;6399389000;7340265000;13739654000;1145081000;14148230000;25097026000;13732508000;29075158000;42807666000;29068012000;15920895000;4452053000;-4030870000;421183000;-599997000;-178814000;-305251000;-6977000.0;-484065000;-491042000;0;0;740465044;740465044;0;2021;1
2.0;1.0;00.001.180/0001-26;177371873000;2021.1T;177371873000;43763449000;4075886000;14361903000;18437789000;5780563000;935649000;133608424000;24497422000;79799966000;104297388000;85859599000;73074485000;8208426000;-2938607000;5269819000;-1869543000;3400276000;-583771000;-1207366000.0;2816505000;1609139000;0;0;1568930910;1288842596;280088314;2021;1
2.0;1.0;61.079.117/0001-05;4846669000;2021.1T;4846669000;2714062000;924382000;5540000;929922000;773686000;796905000;2132607000;1237745000;471583000;1709328000;779406000;3137341000;901297000;-428566000;472731000;-335578000;137153000;31176000;-33479000.0;168329000;126182000;0;0;588062222;302010689;286051533;2021;1
1.0;1.0;84.429.695/0001-11;21161200000;2021.1T;21161200000;13360912000;3387742000;484369000;3872111000;3835893000;4376561000;7800288000;6488389000;2295565000;8783954000;4911843000;12377246000;5076879000;-3457140000;1619739000;-726557000;893182000;10535000;-124796000.0;903717000;778921000;0;70961000;4197317998;4197317998;0;2021;1
1.0;1.0;08.807.432/0001-10;9642667000;2021.1T;9642667000;3067964000;1278475000;771813000;2050288000;863149000;0;6574703000;1215810000;5169816000;6385626000;4335338000;3257041000;1082328000;-456834000;625494000;-466777000;158717000;-105455000;-10037000.0;53262000;43225000;0;0;309088851;309088851;0;2021;1
1.0;1.0;97.837.181/0001-47;11223423000;2021.1T;11223423000;3979630000;1262001000;0;1262001000;1314680000;1118733000;7243793000;2360786000;3837535000;6198321000;4936320000;5025102000;1768126000;-1161687000;606439000;-317280000;289159000;-19585000;-96875000.0;269574000;172699000;0;0;760962951;760962951;0;2021;1
2.0;1.0;00.864.214/0001-06;44928855000;2021.1T;44928855000;12635109000;1240489000;3834274000;5074763000;4058694000;140581000;32293746000;10506587000;26050747000;36557334000;31482571000;8371521000;5465430000;-4303818000;1161612000;-156031000;1005581000;103978000;-236222000.0;1109559000;873337000;0;0;1814642740;756010104;1058632636;2021;1
1.0;1.0;03.220.438/0001-73;42298314000;2021.1T;42298314000;14161312000;2491021000;4323636000;6814657000;6003255000;61687000;28137002000;7093572000;23114241000;30207813000;23393156000;12090501000;4140170000;-2913005000;1227165000;-401651000;825514000;-230661000;-142197000.0;594853000;452656000;9521000;0;1010539585;1010539585;0;2021;1
2.0;1.0;10.629.105/0001-68;9341748000;2021.1T;9341748000;4097287000;3185031000;77820000;3262851000;22568000;395781000;5244461000;2354059000;1652464000;4006523000;743672000;5335225000;655334000;-236531000;418803000;-102030000;316773000;-362048000;-20517000.0;-45275000;-65792000;0;0;882646385;882646385;0;2021;1
2.0;1.0;02.800.026/0001-40;29801907000;2021.1T;29801907000;8397075000;1485238000;1994992000;3480230000;1729599000;392080000;21404832000;9627525000;5970481000;15598006000;12117776000;14203901000;1105481000;-401336000;704145000;-655904000;48241000;-110611000;2054000.0;-62370000;-91172000;0;0;1876606210;1876606210;0;2021;1
1.0;1.0;33.611.500/0001-19;68020243000;2021.1T;68020243000;26217721000;4241872000;2760630000;7002502000;5137405000;11956742000;41802522000;11375088000;21950894000;33325982000;26323480000;34694261000;16342984000;-12546075000;3796909000;-239022000;3557887000;-270716000;-816635000.0;3287171000;2470536000;0;0;1719658728;573627483;1146031245;2021;1
1.0;1.0;02.558.157/0001-62;111251184000;2021.1T;111251184000;21898573000;6897933000;0;6897933000;8149685000;1012220000;89352611000;20534295000;20698300000;41232595000;34334662000;70018589000;10848939000;-5900471000;4948468000;-3396796000;1551672000;-314575000;-294962000.0;1237097000;942135000;0;420000000;1690984923;1690984923;0;2021;1
1.0;1.0;60.840.055/0001-31;5497507000;2021.1T;5497507000;1906170000;13585000;1021468000;1035053000;722333000;63835000;3591337000;1348076000;2456552000;3804628000;2769575000;1692879000;893808000;-606550000;287258000;-88760000;198498000;-30730000;-49156000.0;167768000;118612000;156795000;0;315654796;315654796;0;2021;1
1.0;1.0;08.312.229/0001-73;4798961000;2021.1T;4798961000;2263672000;57307000;1011275000;1068582000;277884000;878033000;2535289000;363277000;224440000;587717000;-480865000;4211244000;194969000;-112177000;82792000;-46148000;36644000;44630000;-5069000.0;81274000;76205000;0;0;220989103;220989103;0;2021;1
2.0;1.0;07.526.557/0001-00;133417831000;2021.1T;133417831000;37059861000;17286068000;2049628000;19335696000;3357889000;9698229000;96357970000;31880721000;17906715000;49787436000;30451740000;83630395000;16639761000;-7945330000;8694431000;-4714723000;3979708000;-1064300000;-182097000.0;2915408000;2733311000;41160000;0;15750216851;15750216851;0;2021;1
1.0;1.0;33.000.167/0001-01;998283000000;2021.1T;998283000000;153972000000;68155000000;3299000000;71454000000;13432000000;39730000000;844311000000;124469000000;553569000000;678038000000;606584000000;320245000000;86174000000;-42141000000;44033000000;-10129000000;33904000000;-30748000000;-1880000000.0;3156000000;1276000000;14000000;0;13044496930;7442454142;5602042788;2021;1
1.0;1.0;67.620.377/0001-14;18202492000;2021.1T;18202492000;12343346000;4879083000;1531049000;6410132000;2631712000;1345068000;5859146000;6485612000;10703044000;17188656000;10778524000;1013836000;5803374000;-4859449000;943925000;-552006000;391919000;-120982000;-11391000.0;270937000;259546000;0;0;607283407;607283407;0;2021;1
1.0;1.0;92.690.783/0001-09;69618690000;2021.1T;69618690000;27803304000;4241931000;4309646000;8551577000;5137405000;11956742000;41815386000;11388387000;21945050000;33333437000;24781860000;36285253000;16342984000;-12546075000;3796909000;-249577000;3547332000;-262606000;-816635000.0;3284726000;2468091000;0;0;1087243204;365111201;722132003;2021;1
2.0;1.0;89.637.490/0001-45;38583400000;2021.1T;38583400000;13351011000;7014310000;1517091000;8531401000;2451445000;1474757000;25232389000;4569553000;30229613000;34799166000;26267765000;3784234000;3466547000;-2347250000;1119297000;-438513000;680784000;-203109000;-56967000.0;477675000;420708000;0;0;5617892756;2081728595;3536164161;2021;1
1.0;1.0;02.429.144/0001-93;52067880000;2021.1T;52067880000;14417057000;4618910000;948806000;5567716000;5027956000;110216000;37650823000;14582519000;22306893000;36889412000;31321696000;15178468000;8288125000;-6358820000;1929305000;-387246000;1542059000;-121044000;-459778000.0;1421015000;961237000;0;0;1152254440;1152254440;0;2021;1
2.0;1.0;04.423.567/0001-21;16402100000;2021.1T;16402100000;2755582000;1464233000;599610000;2063843000;318965000;232692000;13646518000;880608000;7450696000;8331304000;6267461000;8070796000;951352000;-580262000;371090000;-77040000;294050000;-41000000;-50139000.0;253050000;202911000;0;0;1283339183;1283339183;0;2021;1
1.0;1.0;89.096.457/0001-55;9108328000;2021.1T;9108328000;4700400000;1597610000;0;1597610000;201012000;1657049000;4407928000;2928588000;2794808000;5723396000;4125786000;3384932000;1565380000;-868018000;697362000;-92125000;605237000;-33805000;-194628000.0;571432000;376804000;0;0;190595000;190595000;0;2021;1
1.0;1.0;16.670.085/0001-55;20311477000;2021.1T;20311477000;5041850000;1820800000;1619266000;3440066000;1075057000;0;15269627000;4423403000;9412418000;13835821000;10395755000;6475656000;2797122000;-1729858000;1067264000;-358928000;708336000;-22236000;-203844000.0;686100000;482256000;0;63739000;758466670;758466670;0;2021;1
1.0;1.0;60.894.730/0001-05;31865269000;2021.1T;31865269000;13678033000;4004384000;596719000;4601103000;3231783000;4850314000;18187236000;4509443000;9346595000;13856038000;9254935000;18009231000;7065832000;-4602450000;2463382000;-301118000;2162264000;-375741000;-581626000.0;1786523000;1204897000;0;0;1253079108;705260684;547818424;2021;1
1.0;1.0;02.387.241/0001-60;41502578000;2021.1T;41502578000;7096948000;3724605000;0;3724605000;614568000;257774000;34405630000;3688190000;22366957000;26055147000;22330542000;15447431000;1745952000;-1218842000;527110000;-122629000;404481000;-204882000;-25043000.0;199599000;174556000;926000;0;1854158791;1854158791;0;2021;1
1.0;1.0;17.155.730/0001-64;53011054000;2021.1T;53011054000;14666045000;3332411000;2240626000;5573037000;4549058000;0;38345009000;9057956000;26053271000;35111227000;29538190000;17899827000;7110741000;-5327917000;1782824000;-175926000;1606898000;-1265220000;80673000.0;341678000;422351000;0;0;1693362068;566036634;1127325434;2021;1
2.0;1.0;42.150.391/0001-70;94070249000;2021.1T;94070249000;39694313000;12493422000;3878457000;16371879000;7467694000;11939115000;54375936000;33428166000;62132144000;95560310000;79188431000;-1490061000;22692168000;-15454198000;7237970000;-498090000;6739880000;-3463348000;-862781000.0;3276532000;2413751000;0;0;797207834;451668652;345539182;2021;1
1.0;1.0;33.042.730/0001-04;79440123000;2021.2T;79440123000;38801277000;21756753000;3564127000;25320880000;5308206000;7050184000;40638846000;18963270000;35380738000;54344008000;29023128000;25096115000;15391573000;-7111092000;8280481000;-1171899000;7108582000;-339051000;-1256871000.0;6769531000;5512660000;0;0;1387524047;1387524047;0;2021;2
1.0;1.0;07.859.971/0001-30;15184963000;2021.2T;15184963000;2252478000;719541000;0;719541000;154202000;0;12932485000;1120353000;7685844000;8806197000;8086656000;6378766000;904321000;-131497000;772824000;242225000;1015049000;-173138000;-144016000.0;841911000;697895000;0;0;1033496721;590714069;442782652;2021;2
3.0;1.0;53.113.791/0001-22;7603199000;2021.2T;7603199000;3175682000;802260000;288095000;1090355000;1922045000;0;4427517000;2723952000;2156034000;4879986000;3789631000;2723213000;763375000;-243016000;520359000;-393217000;127142000;-12569000;-35930000.0;114573000;78643000;0;0;617183181;617183181;0;2021;2
1.0;1.0;33.256.439/0001-39;35973179000;2021.2T;35973179000;17681461000;2860287000;3355993000;6216280000;4479080000;4888796000;18291718000;10053056000;15871306000;25924362000;19708082000;10048817000;28526054000;-27030286000;1495768000;-1456402000;39366000;-2755000;-54854000.0;36611000;-18243000;0;0;1115151608;1115151608;0;2021;2
2.0;1.0;50.746.577/0001-15;78973555000;2021.2T;78973555000;19127182000;8567450000;0;8567450000;2447515000;1077566000;59846373000;9820134000;47050510000;56870644000;48303194000;22102911000;6558109000;-4940287000;1617822000;55825000;1673647000;-214744000;-263785000.0;1458903000;1195118000;0;0;1874070932;1874070932;0;2021;2
1.0;1.0;16.404.287/0001-55;103307588000;2021.2T;103307588000;21799292000;8585570000;2448267000;11033837000;3979086000;4404865000;81508296000;7378131000;81341965000;88720096000;77686259000;14587492000;9844439000;-4777655000;5066784000;139703000;5206487000;9742584000;-4912372000.0;14949071000;10036699000;0;0;1361263584;1361263584;0;2021;2
1.0;1.0;09.346.601/0001-25;49530810000;2021.2T;49530810000;19873683000;2065184000;16274057000;18339241000;391166000;0;29657127000;12507996000;14318713000;26826709000;8487468000;22704101000;2417694000;0;2417694000;-748058000;1669636000;132086000;-608411000.0;1801722000;1193311000;0;0;6099000000;6099000000;0;2021;2
1.0;1.0;07.689.002/0001-89;51729369000;2021.2T;51729369000;29659739000;6759120000;5466246000;12225366000;1052451000;11580104000;22069630000;14287130000;23007320000;37294450000;25069084000;14434919000;5922830000;-4848047000;1074783000;-336635000;738148000;-323276000;29996000.0;414872000;444868000;0;0;740465044;740465044;0;2021;2
2.0;1.0;00.001.180/0001-26;181081007000;2021.2T;181081007000;50101071000;4737599000;19079494000;23817093000;5726799000;957696000;130979936000;25742920000;79820106000;105563026000;81745933000;75517981000;7959252000;-3379281000;4579971000;-1751291000;2828680000;521424000;-820180000.0;3350104000;2529924000;0;0;1568930910;1288842596;280088314;2021;2
2.0;1.0;61.079.117/0001-05;5067044000;2021.2T;5067044000;2699349000;867113000;0;867113000;799681000;839874000;2367695000;1303770000;532315000;1836085000;968972000;3230959000;1095318000;-483118000;612200000;-428807000;183393000;-44622000;-19085000.0;138771000;105609000;0;0;588062222;302010689;286051533;2021;2
1.0;1.0;84.429.695/0001-11;21411835000;2021.2T;21411835000;13990900000;3275927000;546300000;3822227000;3660880000;4846993000;7420935000;7407489000;1682133000;9089622000;5267395000;12322213000;5748206000;-4001699000;1746507000;-480535000;1265972000;139906000;-253477000.0;1405878000;1152401000;0;0;4197317998;4197317998;0;2021;2
1.0;1.0;08.807.432/0001-10;9641205000;2021.2T;9641205000;3075841000;1212307000;755078000;1967385000;964783000;0;6565364000;1977231000;4402058000;6379289000;4411904000;3261916000;1160644000;-501207000;659437000;-465128000;194309000;-77240000;-604000.0;117069000;116465000;0;0;309088851;309088851;0;2021;2
1.0;1.0;97.837.181/0001-47;11890124000;2021.2T;11890124000;4219333000;1326340000;0;1326340000;1429536000;1167105000;7670791000;2518299000;3716235000;6234534000;4908194000;5655590000;1974129000;-1253644000;720485000;187184000;907669000;143013000;-334082000.0;1050682000;716600000;0;0;760962951;760962951;0;2021;2
2.0;1.0;00.864.214/0001-06;48023456000;2021.2T;48023456000;11995876000;1193452000;2958566000;4152018000;4157592000;153899000;36027580000;9607304000;29161090000;38768394000;34616376000;9255062000;6100748000;-4787851000;1312897000;-236173000;1076724000;-118899000;-257290000.0;957825000;749002000;0;0;1814642740;756010104;1058632636;2021;2
1.0;1.0;03.220.438/0001-73;43501276000;2021.2T;43501276000;15745207000;4205024000;3916445000;8121469000;6222299000;95942000;27756069000;7977453000;23002756000;30980209000;22858740000;12521067000;4554686000;-3029966000;1524720000;-438377000;1086343000;-308232000;-146102000.0;778111000;632009000;0;0;1010539585;1010539585;0;2021;2
2.0;1.0;10.629.105/0001-68;10504500000;2021.2T;10504500000;5517215000;3381619000;1135096000;4516715000;329548000;382438000;4987285000;905094000;4177649000;5082743000;566028000;5421757000;1022837000;-468563000;554274000;-132854000;421420000;140421000;-140939000.0;561841000;420902000;0;0;882646385;882646385;0;2021;2
2.0;1.0;02.800.026/0001-40;29628230000;2021.2T;29628230000;8303010000;1205161000;2193742000;3398903000;1706597000;448855000;21325220000;4388836000;11128102000;15516938000;12118035000;14111292000;1152559000;-397055000;755504000;-732940000;22564000;-152667000;47795000.0;-130103000;-106609000;0;0;1876606210;1876606210;0;2021;2
1.0;1.0;33.611.500/0001-19;66892047000;2021.2T;66892047000;28314439000;3026228000;2611586000;5637814000;5785443000;13801156000;38577608000;10975779000;19775893000;30751672000;25113858000;36140375000;19130116000;-13715929000;5414187000;148507000;5562694000;57880000;-1686097000.0;5620574000;3934477000;0;0;1719658728;573627483;1146031245;2021;2
1.0;1.0;02.558.157/0001-62;113738573000;2021.2T;113738573000;24258118000;8412621000;22275000;8434896000;7921107000;675624000;89480455000;23408437000;21560441000;44968878000;36533982000;68769695000;10649481000;-6004595000;4644886000;-2868045000;1776841000;-157351000;-274545000.0;1619490000;1344945000;0;0;1690984923;1690984923;0;2021;2
1.0;1.0;60.840.055/0001-31;5319636000;2021.2T;5319636000;1469548000;35433000;570835000;606268000;710160000;71514000;3850088000;1481018000;2080280000;3561298000;2955030000;1758338000;932066000;-673822000;258244000;-129394000;128850000;-36212000;-27143000.0;92638000;65495000;0;0;315654796;315654796;0;2021;2
1.0;1.0;08.312.229/0001-73;4888118000;2021.2T;4888118000;2325359000;77252000;983283000;1060535000;284982000;929895000;2562759000;315209000;218070000;533279000;-527256000;4354839000;288747000;-157200000;131547000;-25352000;106195000;46367000;-6754000.0;152562000;145808000;0;0;220989103;220989103;0;2021;2
2.0;1.0;07.526.557/0001-00;124440135000;2021.2T;124440135000;32705666000;13269346000;1245607000;14514953000;3702153000;9583373000;91734469000;28791526000;15546803000;44338329000;29823376000;80101806000;15711141000;-7965269000;7745872000;-3851489000;3894383000;-277298000;-687504000.0;3617085000;2929581000;0;0;15750216851;15750216851;0;2021;2
1.0;1.0;33.000.167/0001-01;941447000000;2021.2T;941447000000;151539000000;49126000000;3013000000;52139000000;22381000000;36038000000;789908000000;115929000000;463128000000;579057000000;526918000000;362390000000;110710000000;-53705000000;57005000000;-4824000000;52181000000;10776000000;-19916000000.0;62957000000;43041000000;0;0;13044496930;7442454142;5602042788;2021;2
1.0;1.0;67.620.377/0001-14;17627666000;2021.2T;17627666000;12061519000;4767588000;1574365000;6341953000;2309650000;1384450000;5566147000;7504130000;9700611000;17204741000;10862788000;422925000;6287817000;-5244526000;1043291000;-583383000;459908000;-322271000;-20967000.0;137637000;116670000;0;0;607283407;607283407;0;2021;2
1.0;1.0;92.690.783/0001-09;68483413000;2021.2T;68483413000;29892697000;3026287000;4162262000;7188549000;5785443000;13801156000;38590716000;10979367000;19770008000;30749375000;23560826000;37734038000;19130116000;-13715929000;5414187000;145075000;5559262000;69858000;-1688125000.0;5629120000;3940995000;0;0;1087243204;365111201;722132003;2021;2
2.0;1.0;89.637.490/0001-45;38280207000;2021.2T;38280207000;12967285000;6510101000;1740234000;8250335000;2498094000;1612234000;25312922000;4646129000;27317654000;31963783000;23713448000;6316424000;4075553000;-2266108000;1809445000;-511442000;1298003000;-207046000;-372201000.0;1090957000;718756000;0;0;5617892756;2081728595;3536164161;2021;2
1.0;1.0;02.429.144/0001-93;56131409000;2021.2T;56131409000;11432989000;2738478000;283106000;3021584000;5079884000;119097000;44698420000;12459445000;28290972000;40750417000;37728833000;15380992000;8812807000;-6733243000;2079564000;-456729000;1622835000;-9257000;-487525000.0;1613578000;1126053000;0;0;1152254440;1152254440;0;2021;2
2.0;1.0;04.423.567/0001-21;16759157000;2021.2T;16759157000;2650326000;1175463000;578445000;1753908000;520515000;224893000;14108831000;976992000;7583201000;8560193000;6806285000;8198964000;962544000;-577578000;384966000;-156526000;228440000;-49829000;-60246000.0;178611000;118365000;0;0;1283339183;1283339183;0;2021;2
1.0;1.0;89.096.457/0001-55;10248415000;2021.2T;10248415000;4723424000;1270308000;0;1270308000;283000000;1217472000;5524991000;2546371000;3725211000;6271582000;5001274000;3976833000;1687896000;-895667000;792229000;-72338000;719891000;-68834000;-203817000.0;651057000;447240000;0;0;190595000;190595000;0;2021;2
1.0;1.0;16.670.085/0001-55;21426566000;2021.2T;21426566000;5623180000;497529000;3602384000;4099913000;1109440000;0;15803386000;4400134000;10162995000;14563129000;10463216000;6863437000;2695708000;-1696191000;999517000;-326250000;673267000;-45882000;-179483000.0;627385000;447902000;0;0;758466670;758466670;0;2021;2
1.0;1.0;60.894.730/0001-05;36457494000;2021.2T;36457494000;18234043000;3748010000;2305303000;6053313000;3654969000;6029160000;18223451000;5377667000;8599084000;13976751000;7923438000;22480743000;9596269000;-5953981000;3642288000;1182826000;4825114000;1332266000;-1614171000.0;6157380000;4543209000;0;0;1253079108;705260684;547818424;2021;2
1.0;1.0;02.387.241/0001-60;42718600000;2021.2T;42718600000;8035691000;4794875000;0;4794875000;642600000;277261000;34682909000;3765125000;23188568000;26953693000;22158818000;15764907000;2215892000;-1372948000;842944000;-102500000;740444000;-350984000;-75069000.0;389460000;314391000;0;0;1854158791;1854158791;0;2021;2
1.0;1.0;17.155.730/0001-64;53839254000;2021.2T;53839254000;14893762000;2661596000;3468420000;6130016000;4425074000;0;38945492000;9547297000;24445949000;33993246000;27863230000;19846008000;7353982000;-5897187000;1456795000;891662000;2348457000;478528000;-880346000.0;2826985000;1946639000;0;0;1693362068;566036634;1127325434;2021;2
2.0;1.0;42.150.391/0001-70;87934078000;2021.2T;87934078000;39039439000;9765013000;3805397000;13570410000;8767863000;12708055000;48894639000;31043006000;49724125000;80767131000;67196721000;7166947000;26421465000;-16608900000;9812565000;-749472000;9063093000;957419000;-2458551000.0;10020512000;7561961000;0;0;797207834;451668652;345539182;2021;2
1.0;1.0;33.042.730/0001-04;76072001000;2021.3T;76072001000;33609000000;15255105000;3190589000;18445694000;3242438000;10038794000;42463001000;22192748000;30577158000;52769906000;34324212000;23302095000;10246173000;-5941522000;4304651000;-625288000;3679363000;-943426000;-1411285000.0;2735937000;1324652000;0;0;1387524047;1387524047;0;2021;3
1.0;1.0;07.859.971/0001-30;16104988000;2021.3T;16104988000;2520585000;967879000;0;967879000;209418000;0;13584403000;1238042000;7941117000;9179159000;8211280000;6925829000;942321000;-195024000;747297000;108915000;856212000;-230358000;-88965000.0;625854000;536889000;0;0;1033496721;590714069;442782652;2021;3
3.0;1.0;53.113.791/0001-22;9425288000;2021.3T;9425288000;4953791000;2325886000;427131000;2753017000;2033366000;0;4471497000;3083473000;2154057000;5237530000;2484513000;4187758000;854538000;-272847000;581691000;-462362000;119329000;-32320000;1911000.0;87009000;88920000;0;0;617183181;617183181;0;2021;3
1.0;1.0;33.256.439/0001-39;37372335000;2021.3T;37372335000;18342912000;2826300000;2914869000;5741169000;4733791000;5574224000;19029423000;10345230000;16842135000;27187365000;21446196000;10184970000;31911126000;-30112185000;1798941000;-1236662000;562279000;-296013000;107991000.0;266266000;374257000;0;0;1115151608;1115151608;0;2021;3
2.0;1.0;50.746.577/0001-15;90876732000;2021.3T;90876732000;26937492000;15628197000;0;15628197000;2750491000;1215326000;63939240000;9222328000;55418392000;64640720000;49012523000;26236012000;6890471000;-4957086000;1933385000;2564728000;4498113000;-1057397000;-82696000.0;3440716000;3358020000;0;0;1874070932;1874070932;0;2021;3
1.0;1.0;16.404.287/0001-55;113383292000;2021.3T;113383292000;29686031000;13461967000;5228075000;18690042000;4577069000;4652459000;83697261000;8946413000;90818033000;99764446000;81074404000;13618846000;10761855000;-5299911000;5461944000;-849402000;4612542000;-7765377000;2193460000.0;-3152835000;-959375000;0;0;1361263584;1361263584;0;2021;3
1.0;1.0;09.346.601/0001-25;54807451000;2021.3T;54807451000;25600841000;3777045000;20196891000;23973936000;369466000;0;29206610000;15654356000;16561392000;32215748000;8241812000;22591703000;2513222000;-258519000;2254703000;-705538000;1549165000;20524000;-393592000.0;1569689000;1176097000;0;0;6099000000;6099000000;0;2021;3
1.0;1.0;07.689.002/0001-89;56475681000;2021.3T;56475681000;32744254000;8685830000;4652188000;13338018000;1147852000;12537692000;23731427000;16065981000;25134777000;41200758000;27862740000;15274923000;5010382000;-4063607000;946775000;-793734000;153041000;-286823000;-104270000.0;-133782000;-238052000;0;0;740465044;740465044;0;2021;3
2.0;1.0;00.001.180/0001-26;193255081000;2021.3T;193255081000;45209072000;5774934000;18551266000;24326200000;4401187000;1016016000;148046009000;26600098000;90221846000;116821944000;92495744000;76433137000;9956628000;-866434000;9090194000;-3997655000;5092539000;-1059419000;-3068559000.0;4033120000;964561000;0;0;1568930910;1288842596;280088314;2021;3
2.0;1.0;61.079.117/0001-05;5337624000;2021.3T;5337624000;3010843000;914682000;0;914682000;850306000;971391000;2326781000;1413976000;525264000;1939240000;1024558000;3398384000;1062941000;-537583000;525358000;-366071000;159287000;24991000;-29041000.0;184278000;157715000;0;0;588062222;302010689;286051533;2021;3
1.0;1.0;84.429.695/0001-11;22500301000;2021.3T;22500301000;14743151000;2396415000;545946000;2942361000;4349461000;5619084000;7757150000;7533439000;1827090000;9360529000;6418168000;13139772000;6198243000;-4411429000;1786814000;-772773000;1014041000;3725000;-185534000.0;1017766000;832232000;0;0;4197317998;4197317998;0;2021;3
1.0;1.0;08.807.432/0001-10;9927807000;2021.3T;9927807000;3010862000;1057417000;840494000;1897911000;939943000;0;6916945000;2497570000;4083726000;6581296000;4683385000;3346511000;1098059000;-501270000;596789000;-431244000;165545000;-103095000;10381000.0;62450000;72831000;0;0;309088851;309088851;0;2021;3
1.0;1.0;97.837.181/0001-47;12470872000;2021.3T;12470872000;4571755000;1406024000;0;1406024000;1588502000;1251370000;7899117000;2684248000;3771529000;6455777000;5049753000;6015095000;2177147000;-1425286000;751861000;-339822000;412039000;-8052000;-148651000.0;403987000;255336000;0;0;760962951;760962951;0;2021;3
2.0;1.0;00.864.214/0001-06;51692657000;2021.3T;51692657000;13971790000;753733000;3630808000;4384541000;5063506000;139655000;37720867000;10919128000;30929054000;41848182000;37463641000;9844475000;7796981000;-6082270000;1714711000;-268584000;1446127000;-348219000;-234031000.0;1097908000;863877000;0;0;1814642740;756010104;1058632636;2021;3
1.0;1.0;03.220.438/0001-73;55563843000;2021.3T;55563843000;19718254000;3778086000;5842542000;9620628000;8294543000;141925000;35845589000;12216041000;29460885000;41676926000;32056298000;13886917000;7488836000;-5759055000;1729781000;-580447000;1149334000;-445953000;887999000.0;703381000;1591380000;0;0;1010539585;1010539585;0;2021;3
2.0;1.0;10.629.105/0001-68;11445166000;2021.3T;11445166000;5463662000;1948979000;2577231000;4526210000;291783000;384679000;5981504000;1225154000;4533092000;5758246000;1232036000;5686920000;939517000;-453256000;486261000;-54533000;431728000;-264307000;-70317000.0;167421000;97104000;0;0;882646385;882646385;0;2021;3
2.0;1.0;02.800.026/0001-40;28898621000;2021.3T;28898621000;7843675000;1133247000;2035003000;3168250000;1640957000;425951000;21054946000;5095707000;10077040000;15172747000;12004497000;13725874000;1022437000;-484119000;538318000;-631836000;-93518000;-165158000;43091000.0;-258676000;-385537000;0;0;1876606210;1876606210;0;2021;3
1.0;1.0;33.611.500/0001-19;75362167000;2021.3T;75362167000;35456768000;3976077000;4454507000;8430584000;6416155000;15653770000;39905399000;13155055000;20908708000;34063763000;25633179000;41298404000;21317057000;-14897908000;6419149000;969616000;7388765000;77579000;-1872403000.0;7466344000;5593941000;0;0;1719658728;573627483;1146031245;2021;3
1.0;1.0;02.558.157/0001-62;113252552000;2021.3T;113252552000;23710223000;8687948000;39864000;8727812000;7971922000;595301000;89542329000;22250485000;21606705000;43857190000;35129378000;69395362000;11033251000;-6189521000;4843730000;-2945886000;1897844000;-254391000;-328754000.0;1643453000;1314699000;0;0;1690984923;1690984923;0;2021;3
1.0;1.0;60.840.055/0001-31;6105847000;2021.3T;6105847000;1901073000;25930000;938812000;964742000;798880000;68379000;4204774000;1171871000;3116181000;4288052000;3323310000;1817795000;1028830000;-722290000;306540000;-121380000;185160000;-48825000;-39946000.0;136335000;96389000;0;0;315654796;315654796;0;2021;3
1.0;1.0;08.312.229/0001-73;5059992000;2021.3T;5059992000;2212807000;78499000;951653000;1030152000;270804000;869192000;2847185000;343264000;248872000;592136000;-438016000;4467856000;297752000;-147458000;150294000;-33745000;116549000;43383000;-7709000.0;159932000;152223000;0;0;220989103;220989103;0;2021;3
2.0;1.0;07.526.557/0001-00;135133255000;2021.3T;135133255000;38197082000;17956171000;2044574000;20000745000;4512636000;9511236000;96936173000;31107336000;15861121000;46968457000;26967712000;88164798000;18492609000;-9253071000;9239538000;-5240839000;3998699000;-876239000;590257000.0;3122460000;3712717000;0;0;15750216851;15750216851;0;2021;3
1.0;1.0;33.000.167/0001-01;974689000000;2021.3T;974689000000;166334000000;59394000000;2920000000;62314000000;25560000000;39577000000;808355000000;138664000000;460336000000;599000000000;536686000000;375689000000;121594000000;-62042000000;59552000000;6905000000;66457000000;-25480000000;-9753000000.0;40977000000;31224000000;0;0;13044496930;7442454142;5602042788;2021;3
1.0;1.0;67.620.377/0001-14;20393241000;2021.3T;20393241000;14491544000;6285303000;1745406000;8030709000;2818891000;1852251000;5901697000;7560328000;12349860000;19910188000;11879479000;483053000;7368241000;-6111980000;1256261000;-707455000;548806000;-463987000;-12445000.0;84819000;72374000;0;0;607283407;607283407;0;2021;3
1.0;1.0;92.690.783/0001-09;77003202000;2021.3T;77003202000;37087936000;3976157000;6016849000;9993006000;6416155000;15653770000;39915266000;13235514000;20895378000;34130892000;24137886000;42872310000;21317057000;-14897908000;6419149000;958856000;7378005000;95688000;-1893903000.0;7473693000;5579790000;0;0;1087243204;365111201;722132003;2021;3
2.0;1.0;89.637.490/0001-45;40836060000;2021.3T;40836060000;14075288000;6958432000;1994787000;8953219000;2656638000;1789381000;26760772000;5415631000;28963277000;34378908000;25425689000;6457152000;4358231000;-2199250000;2158981000;-461367000;1697614000;-290696000;-191614000.0;1406918000;1215304000;0;0;5617892756;2081728595;3536164161;2021;3
1.0;1.0;02.429.144/0001-93;61639621000;2021.3T;61639621000;15455025000;4633805000;287057000;4920862000;5591339000;121305000;46184596000;13533339000;33045721000;46579060000;41658198000;15060561000;11189884000;-8656202000;2533682000;-372521000;2161161000;-189407000;-535957000.0;1971754000;1435797000;0;0;1152254440;1152254440;0;2021;3
2.0;1.0;04.423.567/0001-21;17846316000;2021.3T;17846316000;3364739000;1504156000;516503000;2020659000;810739000;307976000;14481577000;1405553000;7868862000;9274415000;7253756000;8571901000;1528094000;-1019007000;509087000;-125995000;383092000;56542000;-77031000.0;439634000;362603000;0;0;1283339183;1283339183;0;2021;3
1.0;1.0;89.096.457/0001-55;12825433000;2021.3T;12825433000;5245361000;725420000;0;725420000;305928000;3641559000;7580072000;4040434000;4939318000;8979752000;8254332000;3845681000;1143493000;-934982000;208511000;-23131000;185380000;-83656000;12031000.0;101724000;113755000;0;0;190595000;190595000;0;2021;3
1.0;1.0;16.670.085/0001-55;21939976000;2021.3T;21939976000;5496792000;548841000;2948795000;3497636000;1205020000;0;16443184000;3934066000;10540842000;14474908000;10977272000;7465068000;2772251000;-1321793000;1450458000;-381615000;1068843000;-96845000;-300600000.0;971998000;671398000;0;0;758466670;758466670;0;2021;3
1.0;1.0;60.894.730/0001-05;38918447000;2021.3T;38918447000;20948645000;5686749000;1606753000;7293502000;3944124000;7186774000;17969802000;6805830000;9164986000;15970816000;8677314000;22947631000;9025649000;-5890273000;3135376000;-864105000;2271271000;-420020000;-27508000.0;1851251000;1823743000;0;0;1253079108;705260684;547818424;2021;3
1.0;1.0;02.387.241/0001-60;46221689000;2021.3T;46221689000;10880365000;8343394000;0;8343394000;665421000;280776000;35341324000;3704889000;27085274000;30790163000;22446769000;15431526000;1965570000;-1389276000;576294000;-139948000;436346000;-358922000;-26746000.0;77424000;50678000;0;0;1854158791;1854158791;0;2021;3
1.0;1.0;17.155.730/0001-64;53116666000;2021.3T;53116666000;13256901000;827784000;2338481000;3166265000;5076433000;0;39859765000;10494484000;22354827000;32849311000;29683046000;20267355000;9524667000;-7856864000;1667803000;490313000;1626677000;-1155490000;-49710000.0;471187000;426000;0;0;1693362068;566036634;1127325434;2021;3
2.0;1.0;42.150.391/0001-70;94434330000;2021.3T;94434330000;43118871000;12025888000;2936176000;14962064000;8710379000;14365943000;51315459000;32363495000;50936324000;83299819000;68337755000;11134511000;28299463000;-19994870000;8304593000;-1785945000;6518648000;-3102892000;101953000.0;3415756000;3517709000;0;0;797207834;451668652;345539182;2021;3
1.0;1.0;33.042.730/0001-04;75147948000;2022.1T;75147948000;31829453000;13300704000;2429163000;15729867000;4091114000;10235276000;43318495000;19261034000;30786050000;50047084000;34317217000;25100864000;11769866000;-7287285000;4482581000;-927247000;3555334000;-1125237000;-1066154000.0;2430097000;1363943000;0;0;1326093947;1326093947;0;2022;1
1.0;1.0;07.859.971/0001-30;17394249000;2022.1T;17394249000;3326999000;1453195000;0;1453195000;208990000;0;14067250000;1432996000;8716450000;10149446000;8696251000;7244803000;795647000;-69712000;725935000;169356000;895291000;-228179000;-107189000.0;667112000;559923000;0;0;1033496721;590714069;442782652;2022;1
1.0;1.0;53.113.791/0001-22;10083275000;2022.1T;10083275000;5506006000;2853672000;149049000;3002721000;2295432000;0;4577269000;3296335000;2220308000;5516643000;2513922000;4566632000;981139000;-310810000;670329000;-546987000;123342000;-796000;-37569000.0;122546000;84977000;0;0;617183181;617183181;0;2022;1
1.0;1.0;33.256.439/0001-39;37660391000;2022.1T;37660391000;23076959000;2252526000;936573000;3189099000;4520197000;4242281000;14583432000;13496305000;13176767000;26673072000;23483973000;10987319000;31503291000;-30033612000;1469679000;-904736000;564943000;-424853000;-23257000.0;140090000;461180000;1438000;0;1115204291;1115204291;0;2022;1
2.0;1.0;50.746.577/0001-15;96006859000;2022.1T;96006859000;24194616000;12083132000;0;12083132000;3056157000;1048660000;71812243000;12826809000;52622374000;65449183000;53366051000;30557676000;7904887000;-6189236000;1715651000;-568740000;1146911000;-521964000;-49111000.0;624947000;575836000;18007000;0;1874070932;1874070932;0;2022;1
1.0;1.0;16.404.287/0001-55;112935944000;2022.1T;112935944000;31747904000;9797437000;9047064000;18844501000;4515673000;5133522000;81188040000;7707363000;79846475000;87553838000;68709337000;25382106000;9742835000;-5432840000;4309995000;-920914000;3389081000;12935279000;-6018250000.0;16324360000;10306110000;0;0;1361263584;1361263584;0;2022;1
1.0;1.0;09.346.601/0001-25;50737250000;2022.1T;50737250000;19784018000;2711499000;15857626000;18569125000;417461000;0;30953232000;11858196000;17060285000;28918481000;10349356000;21818769000;2284699000;0;2284699000;-853931000;1430768000;229030000;-558755000.0;1659798000;1101043000;302600000;0;5819000000;5819000000;0;2022;1
2.0;1.0;07.689.002/0001-89;46754479000;2022.1T;46754479000;26231123000;5352667000;3803919000;9156586000;979540000;10531197000;20523356000;13058990000;20634124000;33693114000;24536528000;13061365000;3076051000;-2451294000;624757000;-834654000;-209897000;-229686000;274372000.0;-439583000;-165211000;0;0;740465044;740465044;0;2022;1
3.0;1.0;00.001.180/0001-26;189052112000;2022.1T;189052112000;41404342000;3411966000;15305244000;18717210000;5252773000;1163971000;147647770000;24166180000;85765217000;109931397000;91214187000;79120715000;9181318000;-3694877000;5486441000;-2379388000;3107053000;478188000;-868866000.0;3585241000;2716375000;0;0;2196606250;1916517936;280088314;2022;1
1.0;1.0;61.079.117/0001-05;8887905000;2022.1T;8887905000;4658301000;1734399000;0;1734399000;804629000;1107985000;4229604000;3171372000;249337000;3420709000;1686310000;5467196000;927205000;-485614000;441591000;-394703000;46888000;84907000;-19678000.0;131795000;20795000;0;0;683062222;339510689;343551533;2022;1
1.0;1.0;84.429.695/0001-11;24169250000;2022.1T;24169250000;16424181000;2749862000;514897000;3264759000;4430633000;7018367000;7745069000;9300954000;2080964000;11381918000;8117159000;12787332000;6828106000;-4933270000;1894836000;-796248000;1098588000;54264000;-199370000.0;1152852000;953482000;0;154275000;4197317998;4197317998;0;2022;1
1.0;1.0;08.807.432/0001-10;10055453000;2022.1T;10055453000;2872443000;625401000;1082393000;1707794000;971330000;0;7183010000;1560153000;5202877000;6763030000;5055236000;3292423000;1192974000;-465705000;727269000;-507712000;219557000;-144266000;748000.0;75291000;76039000;0;0;309088851;309088851;0;2022;1
1.0;1.0;97.837.181/0001-47;14161883000;2022.1T;14161883000;5167174000;1571158000;0;1571158000;1549107000;1718096000;8994709000;3950413000;4706473000;8656886000;7085728000;5504997000;2131002000;-1388056000;742946000;-333547000;409399000;-109724000;-75960000.0;299675000;223715000;0;0;820566246;820566246;0;2022;1
2.0;1.0;00.864.214/0001-06;53389560000;2022.1T;53389560000;13888684000;1045547000;3728927000;4774474000;5027201000;178489000;39500876000;11857028000;31414864000;43271892000;38497418000;10117668000;6514553000;-4798315000;1716238000;-259436000;1456802000;-563125000;-312993000.0;893677000;580684000;0;0;2039086540;800898864;1238187676;2022;1
2.0;1.0;03.220.438/0001-73;70429153000;2022.1T;70429153000;19206043000;1990351000;6378394000;8368745000;8814627000;235510000;51223110000;11328580000;41080088000;52408668000;44039923000;18020485000;5843189000;-3844293000;1998896000;-729355000;1269541000;-360477000;-230467000.0;909064000;678597000;0;0;1010539585;1010539585;0;2022;1
1.0;1.0;10.629.105/0001-68;12862921000;2022.1T;12862921000;6805410000;3091614000;2352001000;5443615000;845187000;281174000;6057511000;904949000;5235026000;6139975000;696360000;6722946000;1529995000;-462095000;1067900000;-117187000;950713000;-45470000;163727000.0;905243000;1068970000;0;0;887229147;887229147;0;2022;1
1.0;1.0;02.800.026/0001-40;28459077000;2022.1T;28459077000;6934237000;1514831000;2322982000;3837813000;2054470000;362252000;21524840000;4095550000;10599896000;14695446000;10857633000;13763631000;1176648000;-431538000;745110000;-585335000;159775000;-191121000;22757000.0;-31346000;-8589000;924000;0;1876606210;1876606210;0;2022;1
1.0;1.0;33.611.500/0001-19;71539429000;2022.1T;71539429000;33919220000;4895161000;2695636000;7590797000;6756022000;16317038000;37620209000;13945679000;15057499000;29003178000;21412381000;42536251000;20330491000;-15149489000;5181002000;-167475000;5013527000;-503394000;-1569748000.0;4510133000;2940385000;0;0;1757067050;600526442;1156540608;2022;1
2.0;1.0;02.558.157/0001-62;116489853000;2022.1T;116489853000;21670354000;6430521000;30839000;6461360000;8169938000;796673000;94819499000;21719796000;24594475000;46314271000;39852911000;70175582000;11351620000;-6460374000;4891246000;-3457821000;1433425000;-523986000;-159511000.0;909439000;749928000;0;430000000;1676938271;1676938271;0;2022;1
1.0;1.0;60.840.055/0001-31;5995988000;2022.1T;5995988000;1602241000;13714000;492795000;506509000;867744000;95169000;4393747000;1188694000;3053581000;4242275000;3735766000;1753713000;1089913000;-765163000;324750000;-105631000;219119000;-65612000;-42675000.0;153507000;110832000;214329000;0;315654796;315654796;0;2022;1
1.0;1.0;08.312.229/0001-73;5067339000;2022.1T;5067339000;2219960000;58846000;772168000;831014000;301527000;1039859000;2847379000;360083000;233345000;593428000;-237586000;4473911000;287160000;-174297000;112863000;-35865000;76998000;41402000;-8133000.0;118400000;110267000;0;0;220989103;220989103;0;2022;1
1.0;1.0;07.526.557/0001-00;127399920000;2022.1T;127399920000;34479797000;12887922000;1345730000;14233652000;4383951000;11426297000;92920123000;33179146000;14024333000;47203479000;32969827000;80196441000;18439152000;-9414486000;9024666000;-4862339000;4162327000;-596713000;-36776000.0;3565614000;3528838000;16111000;0;15753833284;15753833284;0;2022;1
1.0;1.0;33.000.167/0001-01;998662000000;2022.1T;998662000000;199512000000;81601000000;5967000000;87568000000;26849000000;48351000000;799150000000;130222000000;431379000000;561601000000;474033000000;437061000000;141641000000;-66875000000;74766000000;-9368000000;65398000000;2983000000;-23598000000.0;68381000000;44783000000;12000000;0;13044496930;7442454142;5602042788;2022;1
1.0;1.0;67.620.377/0001-14;17619859000;2022.1T;17619859000;11287611000;4138948000;1150427000;5289375000;2352721000;1880981000;6332248000;6441938000;10652692000;17094630000;11805255000;525229000;7229165000;-6003152000;1226013000;-675004000;551009000;-687627000;251210000.0;-136618000;114592000;0;0;607283407;607283407;0;2022;1
1.0;1.0;92.690.783/0001-09;72354180000;2022.1T;72354180000;34723556000;4898186000;3478503000;8376689000;6756022000;16317038000;37630624000;13951641000;15043517000;28995158000;20618469000;43359022000;20330491000;-15149489000;5181002000;-171166000;5009836000;-484177000;-1573398000.0;4525659000;2952261000;0;0;1033840804;365111201;668729603;2022;1
1.0;1.0;89.637.490/0001-45;40199521000;2022.1T;40199521000;11426859000;4149655000;2035506000;6185161000;2376511000;2095614000;28772662000;4519751000;25820400000;30340151000;24154990000;9859370000;4422130000;-2345413000;2076717000;-575309000;1501408000;-77275000;-549260000.0;1424133000;874873000;399216000;0;5617892756;2081728595;3536164161;2022;1
1.0;1.0;02.429.144/0001-93;66823578000;2022.1T;66823578000;16444662000;3496671000;580655000;4077326000;5756081000;192111000;50378916000;12973368000;35888900000;48862268000;44784942000;17961310000;9287455000;-6683727000;2603728000;-431457000;2172271000;-431738000;-578551000.0;1740533000;1161982000;0;0;1152254440;1152254440;0;2022;1
2.0;1.0;04.423.567/0001-21;21493987000;2022.1T;21493987000;3252286000;696884000;433240000;1130124000;476351000;591947000;18241701000;2209385000;9895998000;12105383000;10975259000;9388604000;759000000;-390695000;368305000;-19022000;349283000;-99395000;-64520000.0;249888000;185368000;0;0;1584572378;1584572378;0;2022;1
2.0;1.0;89.096.457/0001-55;15007809000;2022.1T;15007809000;7202753000;1117157000;0;1117157000;988041000;3039065000;7805056000;4153876000;5828701000;9982577000;8865420000;5025232000;3495805000;-2017128000;1478677000;-163075000;1315602000;-151980000;-366560000.0;1163622000;797062000;0;0;190595000;190595000;0;2022;1
2.0;1.0;16.670.085/0001-55;26733820000;2022.1T;26733820000;7876225000;759044000;4984506000;5743550000;1321449000;0;18857595000;4202176000;14495011000;18697187000;12953637000;8036633000;2711652000;-1436634000;1275018000;-323051000;951967000;-226950000;-207594000.0;725017000;517423000;0;110343000;988435930;988435930;0;2022;1
2.0;1.0;60.894.730/0001-05;39103644000;2022.1T;39103644000;19652621000;5450262000;1153867000;6604129000;3795645000;7519481000;19451023000;5329348000;8155793000;13485141000;6881012000;25618503000;7844648000;-6129398000;1715250000;-384969000;1330281000;501708000;-568820000.0;1831989000;1263169000;2042000;0;1253079108;705260684;547818424;2022;1
1.0;1.0;02.387.241/0001-60;44714744000;2022.1T;44714744000;9427643000;6377309000;0;6377309000;568200000;240916000;35287101000;5033366000;24746177000;29779543000;23402234000;14935201000;2206362000;-1573863000;632499000;-154291000;478208000;-500770000;-45689000.0;-22562000;-68251000;94000;0;1854158791;1854158791;0;2022;1
1.0;1.0;17.155.730/0001-64;51067392000;2022.1T;51067392000;12533758000;1409372000;975334000;2384706000;5026978000;0;38533634000;9652870000;20741894000;30394764000;28010058000;20672628000;7847448000;-5879237000;1968211000;-335307000;1632904000;314163000;-491496000.0;1947067000;1455571000;0;245000000;2201370688;735847624;1465523064;2022;1
1.0;1.0;42.150.391/0001-70;86931428000;2022.1T;86931428000;39757779000;10114756000;2075501000;12190257000;8179539000;16948619000;47173649000;24369701000;52272021000;76641722000;64451465000;10289706000;26731444000;-21601429000;5130015000;-1359731000;3770284000;1247399000;-1070304000.0;5017683000;3947379000;0;0;797207834;451668652;345539182;2022;1
1.0;1.0;33.042.730/0001-04;76839104000;2022.2T;76839104000;31779625000;14923694000;1628846000;16552540000;2744419000;10564327000;45059479000;18893497000;34087866000;52981363000;36428823000;23857741000;10565922000;-7560441000;3005481000;-1234203000;1771278000;-890012000;-511935000.0;881266000;369331000;0;0;1326093947;1326093947;0;2022;2
1.0;1.0;07.859.971/0001-30;18230115000;2022.2T;18230115000;3953127000;1843025000;0;1843025000;227337000;0;14276988000;1279304000;9796649000;11075953000;9232928000;7154162000;847721000;-93797000;753924000;171208000;925132000;-260577000;-100533000.0;664555000;564022000;0;0;1033496721;590714069;442782652;2022;2
1.0;1.0;53.113.791/0001-22;10218609000;2022.2T;10218609000;6075250000;2567054000;4382000;2571436000;512167000;0;4143359000;3527566000;2094128000;5621694000;3050258000;4596915000;914571000;-277486000;637085000;-461943000;175142000;13481000;-57087000.0;188623000;129141000;0;0;617183181;617183181;0;2022;2
1.0;1.0;33.256.439/0001-39;36294199000;2022.2T;36294199000;20356067000;4707303000;1372777000;6080080000;4525418000;6010547000;15938132000;12989653000;12012185000;25001838000;18921758000;11292361000;36879377000;-35027513000;1851864000;-1028389000;823475000;-498630000;72193000.0;324845000;459935000;0;0;1115204291;1115204291;0;2022;2
2.0;1.0;50.746.577/0001-15;101530295000;2022.2T;101530295000;25969749000;12679430000;0;12679430000;4036730000;1687185000;75560546000;13173697000;57709425000;70883122000;58203692000;30647173000;9571087000;-7278880000;2292207000;-386656000;1905551000;-1969235000;115552000.0;-63684000;51868000;0;0;1874070932;1874070932;0;2022;2
1.0;1.0;16.404.287/0001-55;122642489000;2022.2T;122642489000;34575931000;7712081000;12337762000;20049843000;5865962000;5548095000;88066558000;12060582000;86415219000;98475801000;78425958000;24166688000;11519655000;-6122925000;5396730000;-809293000;4587437000;-6974660000;2569012000.0;-2387223000;181789000;0;0;1361263584;1361263584;0;2022;2
1.0;1.0;09.346.601/0001-25;47394318000;2022.2T;47394318000;16721852000;2371543000;12803063000;15174606000;431342000;0;30672466000;10649128000;16080311000;26729439000;11554833000;20664879000;2241632000;0;2241632000;-842029000;1399603000;-15256000;-292070000.0;1384347000;1092277000;0;0;5819000000;5819000000;0;2022;2
2.0;1.0;07.689.002/0001-89;50798796000;2022.2T;50798796000;28117581000;5454468000;3948637000;9403105000;1289596000;12533900000;22681215000;14093072000;22077701000;36170773000;26767668000;14628023000;5044009000;-3888308000;1155701000;-2302309000;-1146608000;246178000;117607000.0;-900430000;-782823000;0;0;740465044;740465044;0;2022;2
3.0;1.0;00.001.180/0001-26;245250868000;2022.2T;245250868000;40103208000;5298070000;13067980000;18366050000;4760110000;389156000;205147660000;27243304000;110985867000;138229171000;119863121000;107021697000;8856045000;-3191991000;5664054000;-2912016000;2752038000;-1457134000;-793317000.0;1294904000;1400718000;0;0;2196606250;1916517936;280088314;2022;2
1.0;1.0;61.079.117/0001-05;7627586000;2022.2T;7627586000;3009404000;273099000;0;273099000;846497000;1272699000;4618182000;1641134000;251260000;1892394000;1619295000;5735192000;1061353000;-507574000;553779000;-466601000;87178000;-6768000;-32188000.0;80410000;63797000;0;0;683062222;339510689;343551533;2022;2
1.0;1.0;84.429.695/0001-11;25882424000;2022.2T;25882424000;17566996000;2570284000;502166000;3072450000;5166658000;7659131000;8315428000;10410529000;1671144000;12081673000;9009223000;13800751000;7185787000;-5217781000;1968006000;-846565000;1121441000;-4443000;-190878000.0;1116998000;926120000;0;0;4197317998;4197317998;0;2022;2
1.0;1.0;08.807.432/0001-10;9881786000;2022.2T;9881786000;2740583000;705390000;762001000;1467391000;1034246000;0;7141203000;1672900000;5058571000;6731471000;5264080000;3150315000;1134857000;-531596000;603261000;-477360000;125901000;-188989000;-245000.0;-63088000;-63333000;0;0;309088851;309088851;0;2022;2
1.0;1.0;97.837.181/0001-47;15395119000;2022.2T;15395119000;5825703000;1961518000;0;1961518000;1720750000;1802905000;9569416000;4039639000;5613335000;9652974000;7691456000;5742145000;2213567000;-1437823000;775744000;-431347000;344397000;-94373000;-80833000.0;250024000;169191000;0;0;820566246;820566246;0;2022;2
2.0;1.0;00.864.214/0001-06;58268034000;2022.2T;58268034000;14533471000;825039000;5116138000;5941177000;4629185000;273019000;43734563000;12246327000;34925449000;47171776000;41230599000;11096258000;6284195000;-4589857000;1694338000;-320718000;1373620000;-144680000;-239244000.0;1228940000;989696000;0;0;2039086540;800898864;1238187676;2022;2
2.0;1.0;03.220.438/0001-73;71409299000;2022.2T;71409299000;19586661000;3830698000;6003005000;9833703000;8357115000;236219000;51822638000;11333975000;42347758000;53681733000;43848030000;17727566000;6492106000;-4380488000;2111618000;-935395000;1176223000;-1101244000;-187447000.0;74979000;-112468000;0;0;1010539585;1010539585;0;2022;2
1.0;1.0;10.629.105/0001-68;16292271000;2022.2T;16292271000;7975120000;3193381000;3365992000;6559373000;888980000;275693000;8317151000;972762000;7147882000;8120644000;1561271000;8171627000;1873985000;-657336000;1216649000;-194006000;1022643000;-191898000;-191665000.0;830745000;639080000;0;0;887229147;887229147;0;2022;2
1.0;1.0;02.800.026/0001-40;27914550000;2022.2T;27914550000;6736352000;946959000;2791440000;3738399000;1988001000;413714000;21178198000;4534875000;9730024000;14264899000;10526500000;13649651000;1155299000;-428536000;726763000;-639880000;86883000;-229899000;25345000.0;-143016000;-117671000;0;0;1876606210;1876606210;0;2022;2
1.0;1.0;33.611.500/0001-19;77656812000;2022.2T;77656812000;36735425000;5776753000;1977982000;7754735000;7261198000;18464285000;40921387000;16527565000;13610911000;30138476000;22383741000;47518336000;22968442000;-17064511000;5903931000;-113295000;5790636000;-361084000;-1131053000.0;5429552000;4298499000;0;0;1757067050;600526442;1156540608;2022;2
2.0;1.0;02.558.157/0001-62;120009777000;2022.2T;120009777000;17801442000;3131411000;953000;3132364000;8563163000;800917000;102208335000;25587690000;26336374000;51924064000;48791700000;68085713000;11831309000;-6667409000;5163900000;-3686595000;1477305000;-601065000;-130610000.0;876240000;745630000;0;0;1676938271;1676938271;0;2022;2
1.0;1.0;60.840.055/0001-31;6729625000;2022.2T;6729625000;1872567000;20643000;699803000;720446000;900930000;76209000;4857058000;1329162000;3571705000;4900867000;4180421000;1828758000;1111746000;-811390000;300356000;-115779000;184577000;-86344000;-27309000.0;98233000;70924000;0;0;315654796;315654796;0;2022;2
1.0;1.0;08.312.229/0001-73;5388323000;2022.2T;5388323000;2473337000;64042000;939636000;1003678000;313274000;1109196000;2914986000;389664000;522210000;911874000;-91804000;4476449000;242557000;-158458000;84099000;-35364000;48735000;48163000;-8141000.0;96898000;88757000;0;0;220989103;220989103;0;2022;2
1.0;1.0;07.526.557/0001-00;136633408000;2022.2T;136633408000;38238562000;14129259000;1535714000;15664973000;4771366000;12587719000;98394846000;33897653000;15148729000;49046382000;33381409000;87587026000;17988995000;-9374254000;8614741000;-4580657000;4034084000;-495462000;-474574000.0;3538622000;3064048000;0;0;15753833284;15753833284;0;2022;2
1.0;1.0;33.000.167/0001-01;1004754000000;2022.2T;1004754000000;224785000000;85311000000;14957000000;100268000000;26443000000;49822000000;779969000000;171157000000;420745000000;591902000000;491634000000;412852000000;170960000000;-75099000000;95861000000;573000000;96434000000;-15757000000;-26193000000.0;80677000000;54484000000;0;0;13044496930;7442454142;5602042788;2022;2
1.0;1.0;67.620.377/0001-14;19628616000;2022.2T;19628616000;12968411000;4398750000;1804565000;6203315000;3013530000;1828737000;6660205000;7718809000;11170481000;18889290000;12685975000;739326000;8471762000;-6954067000;1517695000;-846652000;671043000;-262098000;15727000.0;408945000;424672000;0;0;607283407;607283407;0;2022;2
1.0;1.0;92.690.783/0001-09;78352342000;2022.2T;78352342000;37420181000;5776762000;2618698000;8395460000;7261198000;18464285000;40932161000;16566704000;13596797000;30163501000;21768041000;48188841000;22968442000;-17064511000;5903931000;-145259000;5758672000;-338522000;-1153029000.0;5420150000;4267121000;0;0;1033840804;365111201;668729603;2022;2
1.0;1.0;89.637.490/0001-45;44289873000;2022.2T;44289873000;13338329000;4875896000;2520360000;7396256000;2924999000;2145144000;30951544000;5452058000;29150060000;34602118000;27205862000;9687755000;5038955000;-2755087000;2283868000;-679120000;1604748000;-302840000;-330257000.0;1301908000;971651000;0;0;5617892756;2081728595;3536164161;2022;2
1.0;1.0;02.429.144/0001-93;65927823000;2022.2T;65927823000;14625342000;3611251000;487370000;4098621000;5127852000;166422000;51302481000;15526233000;36097617000;51623850000;47525229000;14303973000;9324318000;-6430573000;2893745000;-519559000;2374186000;-648914000;-462694000.0;1725272000;1262578000;0;0;1152254440;1152254440;0;2022;2
2.0;1.0;04.423.567/0001-21;26561812000;2022.2T;26561812000;7346567000;3304137000;1710952000;5015089000;671578000;596427000;19215245000;3968194000;8967908000;12936102000;7921013000;13625710000;1348653000;-860377000;488276000;-151704000;336572000;-158335000;-30221000.0;178237000;148016000;0;0;1584572378;1584572378;0;2022;2
2.0;1.0;89.096.457/0001-55;14354245000;2022.2T;14354245000;6390849000;640837000;0;640837000;486064000;2228518000;7963396000;3487576000;5703838000;9191414000;8550577000;5162831000;2388582000;-1460216000;928366000;-120052000;808314000;-131594000;-191137000.0;676720000;485583000;0;0;190595000;190595000;0;2022;2
2.0;1.0;16.670.085/0001-55;30423979000;2022.2T;30423979000;9032816000;767274000;5758576000;6525850000;1409619000;0;21391163000;5700917000;16334920000;22035837000;15509987000;8388142000;3049431000;-1788398000;1261033000;-368536000;892497000;-266312000;-169471000.0;626185000;456714000;0;0;988435930;988435930;0;2022;2
2.0;1.0;60.894.730/0001-05;41280601000;2022.2T;41280601000;21527074000;4520523000;1076166000;5596689000;4059324000;9918009000;19753527000;6135616000;8695556000;14831172000;9234483000;26449429000;8531460000;-6344153000;2187307000;-470469000;1716838000;-248066000;-408842000.0;1468772000;1059930000;0;0;1253079108;705260684;547818424;2022;2
1.0;1.0;02.387.241/0001-60;45019054000;2022.2T;45019054000;9310984000;6234779000;0;6234779000;623225000;260893000;35708070000;5029468000;25017029000;30046497000;23811718000;14972557000;2464630000;-1657582000;807048000;-131715000;675333000;-591516000;-53686000.0;83817000;30131000;0;0;1854158791;1854158791;0;2022;2
1.0;1.0;17.155.730/0001-64;53221386000;2022.2T;53221386000;13950706000;1867781000;1773720000;3641501000;4600214000;32133000;39270680000;11192265000;21660738000;32853003000;29211502000;20368383000;8213380000;-7789561000;423819000;-358145000;65674000;-870949000;855151000.0;-805275000;49876000;0;0;2201370688;735847624;1465523064;2022;2
1.0;1.0;42.150.391/0001-70;91769440000;2022.2T;91769440000;39893417000;9527745000;3825231000;13352976000;8212880000;17022634000;51876023000;25693696000;58087925000;83781621000;70428645000;7987819000;25411299000;-21332798000;4078501000;-2423917000;1654584000;-3392605000;275322000.0;-1738021000;-1462699000;0;0;797207834;451668652;345539182;2022;2
1.0;1.0;33.042.730/0001-04;82638399000;2022.3T;82638399000;31118220000;14319373000;1477615000;15796988000;2733706000;10428521000;51520179000;21388059000;37459826000;58847885000;43050897000;23790514000;10897049000;-8358934000;2538115000;-1411195000;1126920000;-318494000;-570794000.0;808426000;237632000;0;0;1326093947;1326093947;0;2022;3
1.0;1.0;07.859.971/0001-30;17852091000;2022.3T;17852091000;3620492000;1564460000;0;1564460000;234180000;0;14231599000;975305000;9925856000;10901161000;9336701000;6950930000;463793000;-137843000;325950000;70849000;396799000;-85759000;-8586000.0;311040000;302454000;0;0;1033496721;590714069;442782652;2022;3
1.0;1.0;53.113.791/0001-22;10599389000;2022.3T;10599389000;6271629000;2541052000;0;2541052000;534554000;0;4327760000;3203815000;2681787000;5885602000;3344550000;4713787000;974791000;-295089000;679702000;-504628000;175074000;2809000;-35507000.0;177883000;155768000;0;0;617183181;617183181;0;2022;3
1.0;1.0;33.256.439/0001-39;34067166000;2022.3T;34067166000;17137824000;4626652000;1264043000;5890695000;4831439000;4333688000;16929342000;11195212000;11500595000;22695807000;16805112000;11371359000;39294732000;-37708655000;1586077000;-1034303000;551774000;-324741000;-46724000.0;227033000;82571000;0;0;1115204291;1115204291;0;2022;3
2.0;1.0;50.746.577/0001-15;113276052000;2022.3T;113276052000;28778582000;15487103000;0;15487103000;4150629000;1847260000;84497470000;23386545000;57455825000;80842370000;65355267000;32433682000;11507301000;-8698843000;2808458000;-1166684000;1641774000;-1354685000;153779000.0;287089000;440868000;0;0;1874070932;1874070932;0;2022;3
1.0;1.0;16.404.287/0001-55;128614364000;2022.3T;128614364000;36218741000;6958161000;10907907000;17866068000;8664852000;5942174000;92395623000;12903620000;87652543000;100556163000;82690095000;28058201000;14198749000;-6472670000;7726079000;-778701000;6947378000;-1527776000;28496000.0;5419602000;5448098000;0;0;1361263584;1361263584;0;2022;3
1.0;1.0;09.346.601/0001-25;48771393000;2022.3T;48771393000;18498360000;4267671000;12481081000;16748752000;452375000;0;30273033000;11384975000;16957021000;28341996000;11593244000;20429397000;2510567000;-252716000;2257851000;-842132000;1415719000;-50096000;-336327000.0;1365623000;1029296000;0;0;5819000000;5819000000;0;2022;3
2.0;1.0;07.689.002/0001-89;53700413000;2022.3T;53700413000;30177540000;7056152000;2068480000;9124632000;1444472000;14481866000;23522873000;17034164000;22009177000;39043341000;29918709000;14657072000;4872100000;-3942500000;929600000;-873040000;56560000;-300946000;24942000.0;-244386000;-219444000;0;0;740465044;740465044;0;2022;3
3.0;1.0;00.001.180/0001-26;266506129000;2022.3T;266506129000;43516712000;6760927000;12637380000;19398307000;5046692000;486742000;222989417000;24699356000;129961328000;154660684000;135262377000;111845445000;8033014000;-4490815000;3542199000;-1935963000;1606236000;-1818829000;212505000.0;-212593000;-88000;0;0;2196606250;1916517936;280088314;2022;3
1.0;1.0;61.079.117/0001-05;7909699000;2022.3T;7909699000;3141501000;240984000;0;240984000;878427000;1439905000;4768198000;1786141000;261476000;2047617000;1806633000;5862082000;1089926000;-573642000;516284000;-436122000;80162000;-5579000;-30340000.0;74583000;44916000;0;0;683062222;339510689;343551533;2022;3
1.0;1.0;84.429.695/0001-11;27697485000;2022.3T;27697485000;19548424000;3623255000;519672000;4142927000;5589806000;7963761000;8149061000;10789911000;2619652000;13409563000;9266636000;14287922000;7911192000;-5493544000;2417648000;-991701000;1425947000;18073000;-269816000.0;1444020000;1174204000;0;0;4197317998;4197317998;0;2022;3
1.0;1.0;08.807.432/0001-10;9934205000;2022.3T;9934205000;2871738000;894356000;689177000;1583533000;1049105000;0;7062467000;1388954000;5507113000;6896067000;5312534000;3038138000;1135487000;-478508000;656979000;-459414000;197565000;-193818000;12392000.0;3747000;16139000;0;0;309088851;309088851;0;2022;3
1.0;1.0;97.837.181/0001-47;15507462000;2022.3T;15507462000;5586608000;1928231000;0;1928231000;1566843000;1758904000;9920854000;3960457000;5639073000;9599530000;7671299000;5907932000;2161642000;-1422624000;739018000;-376621000;362397000;-150560000;-57689000.0;211837000;154148000;0;0;820566246;820566246;0;2022;3
2.0;1.0;00.864.214/0001-06;59675773000;2022.3T;59675773000;15465161000;438269000;5343543000;5781812000;4785989000;281520000;44210612000;12638237000;34097302000;46735539000;40953727000;12940234000;7042673000;-5024807000;2017866000;-364955000;1652911000;-950816000;-227350000.0;702095000;474745000;0;0;2039086540;800898864;1238187676;2022;3
2.0;1.0;03.220.438/0001-73;70907242000;2022.3T;70907242000;18243740000;2885828000;4916487000;7802315000;9078391000;260759000;52663502000;11823452000;40799987000;52623439000;44821124000;18283803000;6880277000;-4882854000;1997423000;-767465000;1229958000;-445078000;-200360000.0;784880000;584520000;0;0;1010539585;1010539585;0;2022;3
1.0;1.0;10.629.105/0001-68;19920152000;2022.3T;19920152000;11122283000;8362706000;928879000;9291585000;1079329000;338514000;8797869000;1422362000;9259869000;10682231000;1390646000;9237921000;1985786000;-612311000;1373475000;-95883000;1277592000;-31198000;-454080000.0;1246394000;792314000;0;0;887229147;887229147;0;2022;3
1.0;1.0;02.800.026/0001-40;26324302000;2022.3T;26324302000;4821777000;179221000;2006500000;2185721000;1628927000;436530000;21502525000;3882898000;9013494000;12896392000;10710671000;13427910000;1064295000;-434520000;629775000;-621378000;8397000;-234413000;-2631000.0;-226016000;-228647000;0;0;1876606210;1876606210;0;2022;3
1.0;1.0;33.611.500/0001-19;79772325000;2022.3T;79772325000;37557578000;6185651000;2404480000;8590131000;6664613000;18811541000;42214747000;16667208000;13726460000;30393668000;21803537000;49378657000;21149232000;-16411378000;4737854000;-275338000;4462516000;-530179000;-910091000.0;3932337000;3022246000;0;0;1757067050;600526442;1156540608;2022;3
2.0;1.0;02.558.157/0001-62;122372426000;2022.3T;122372426000;21094353000;6026138000;984000;6027122000;8638206000;770980000;101278073000;24787207000;28439787000;53226994000;47199872000;69145432000;12198995000;-7050181000;5148814000;-3422326000;1726488000;-37527000;-252494000.0;1688961000;1436467000;0;0;1676938271;1676938271;0;2022;3
1.0;1.0;60.840.055/0001-31;6784004000;2022.3T;6784004000;1830221000;8887000;766587000;775474000;885467000;85473000;4953783000;1326071000;3343893000;4669964000;3894490000;1931493000;1146634000;-811563000;335071000;-112129000;222942000;-99411000;-26852000.0;123531000;96679000;0;0;315654796;315654796;0;2022;3
1.0;1.0;08.312.229/0001-73;5519036000;2022.3T;5519036000;2380632000;39276000;847061000;886337000;295381000;1160099000;3138404000;434896000;534190000;969086000;82749000;4549950000;280646000;-170369000;110277000;-21496000;88781000;29685000;-9416000.0;118466000;109050000;0;0;220989103;220989103;0;2022;3
1.0;1.0;07.526.557/0001-00;142063954000;2022.3T;142063954000;41556965000;17712654000;1347216000;19059870000;5386513000;12495092000;100506989000;34979736000;15532747000;50512483000;31452613000;91551471000;20587642000;-10648073000;9939569000;-5884602000;4054967000;-1251064000;411103000.0;2803903000;3215006000;0;0;15753833284;15753833284;0;2022;3
1.0;1.0;33.000.167/0001-01;947574000000;2022.3T;947574000000;159327000000;23650000000;13038000000;36688000000;22026000000;52825000000;788247000000;135807000000;437662000000;573469000000;536781000000;374105000000;170076000000;-83240000000;86836000000;-12224000000;74612000000;-7973000000;-20403000000.0;66639000000;46236000000;0;0;13044496930;7442454142;5602042788;2022;3
1.0;1.0;67.620.377/0001-14;21332804000;2022.3T;21332804000;14474464000;5256118000;2710031000;7966149000;2615660000;1817224000;6858340000;8505978000;12149472000;20655450000;12689301000;677354000;8437666000;-6778821000;1658845000;-955288000;703557000;-523011000;-39062000.0;180546000;141484000;0;0;607283407;607283407;0;2022;3
1.0;1.0;92.690.783/0001-09;80267128000;2022.3T;80267128000;38044094000;6185668000;2855876000;9041544000;6664613000;18811541000;42223034000;16701995000;13726614000;30428609000;21387065000;49838519000;21149232000;-16411378000;4737854000;-276699000;4461155000;-511500000;-914093000.0;3949655000;3035562000;0;0;1033840804;365111201;668729603;2022;3
1.0;1.0;89.637.490/0001-45;46125257000;2022.3T;46125257000;12510469000;3711468000;2541120000;6252588000;2963631000;2350706000;33614788000;5330134000;29812236000;35142370000;28889782000;10982887000;5488228000;-2208421000;3279807000;-802585000;2477222000;319320000;-743787000.0;2796542000;2052755000;0;0;5617892756;2081728595;3536164161;2022;3
1.0;1.0;02.429.144/0001-93;65993768000;2022.3T;65993768000;14102909000;4028055000;284073000;4312128000;4828633000;170521000;51890859000;15152207000;35105480000;50257687000;45945559000;15736081000;10005921000;-7145412000;2860509000;-411237000;2449272000;-479688000;-550373000.0;1969584000;1419211000;0;0;1152254440;1152254440;0;2022;3
2.0;1.0;04.423.567/0001-21;32276038000;2022.3T;32276038000;11696465000;7105811000;1827058000;8932869000;860313000;605054000;20579573000;5000319000;13408822000;18409141000;9476272000;13866897000;1703997000;-1314754000;389243000;30481000;419724000;-113705000;-70841000.0;306019000;235178000;0;0;1584572378;1584572378;0;2022;3
2.0;1.0;89.096.457/0001-55;15101114000;2022.3T;15101114000;7099778000;1324819000;0;1324819000;570360000;4585085000;8001336000;4219803000;5804259000;10024062000;8699243000;5077052000;1383163000;-1215934000;167229000;-118996000;48233000;-192765000;66187000.0;-144532000;-78345000;0;0;190595000;190595000;0;2022;3
2.0;1.0;16.670.085/0001-55;64232265000;2022.3T;64232265000;14984424000;1906692000;4197215000;6103907000;1894053000;182740000;49247841000;14148280000;29748428000;43896708000;37792801000;20335557000;6136946000;-3996289000;2140657000;-681530000;1459127000;-869235000;-166272000.0;589892000;423620000;0;0;988435930;988435930;0;2022;3
2.0;1.0;60.894.730/0001-05;40916056000;2022.3T;40916056000;20769062000;4246876000;890422000;5137298000;3446789000;10059939000;20146994000;4998167000;8873192000;13871359000;8734061000;27044697000;8434426000;-7430460000;1003966000;-362001000;641965000;170885000;-204275000.0;812850000;608575000;0;0;1253079108;705260684;547818424;2022;3
1.0;1.0;02.387.241/0001-60;45518518000;2022.3T;45518518000;10157262000;6588742000;0;6588742000;635199000;219465000;35361256000;5562793000;24666023000;30228816000;23640074000;15289702000;2950600000;-1829015000;1121585000;-128161000;993424000;-611729000;-72559000.0;381695000;309136000;0;0;1854158791;1854158791;0;2022;3
1.0;1.0;17.155.730/0001-64;54514041000;2022.3T;54514041000;14706124000;1990712000;2778971000;4769683000;4712821000;0;39807917000;11571685000;21863149000;33434834000;28665151000;21079207000;9223311000;-7577948000;1645363000;-143678000;1501685000;-109461000;-209871000.0;1392224000;1182353000;0;0;2201370688;735847624;1465523064;2022;3
1.0;1.0;42.150.391/0001-70;92208922000;2022.3T;92208922000;38431067000;11737160000;2491833000;14228993000;7333567000;15013602000;53777855000;25091505000;60288507000;85380012000;71151019000;6828910000;25386784000;-23158256000;2228528000;-1538265000;690263000;-1695659000;-416396000.0;-1005396000;-1421792000;0;0;797207834;451668652;345539182;2022;3
2.0;1.0;33.042.730/0001-04;86595892000;2023.1T;86595892000;31671613000;13673017000;1540366000;15213383000;3546962000;10234004000;54924279000;19817534000;45085507000;64903041000;49689658000;21692851000;11318690000;-8073476000;3245214000;-2664693000;580521000;-1189627000;-213442000.0;-609106000;-822548000;0;0;1326093947;1326093947;0;2023;1
1.0;1.0;07.859.971/0001-30;18436499000;2023.1T;18436499000;3196076000;1039721000;0;1039721000;242392000;0;15240423000;1132149000;10813195000;11945344000;10905623000;6491155000;692915000;-106446000;586469000;143154000;729623000;-281703000;-61148000.0;447920000;386772000;0;0;1033496721;590714069;442782652;2023;1
1.0;1.0;53.113.791/0001-22;10235594000;2023.1T;10235594000;5858886000;2536064000;0;2536064000;506234000;0;4376708000;2983881000;2663997000;5647878000;3111814000;4587716000;1064142000;-309122000;755020000;-566107000;188913000;-20638000;-63134000.0;168275000;99547000;0;0;617183181;617183181;0;2023;1
1.0;1.0;33.256.439/0001-39;33808035000;2023.1T;33808035000;15479845000;4361814000;258251000;4620065000;4622238000;3782549000;18328190000;8270957000;13167531000;21438488000;16818423000;12369547000;30551753000;-28839034000;1712719000;-1034880000;677839000;-311594000;-92420000.0;366245000;273825000;0;0;1115404268;1115404268;0;2023;1
2.0;1.0;50.746.577/0001-15;131954488000;2023.1T;131954488000;23908110000;11385426000;0;11385426000;3806239000;1916647000;108046378000;16942516000;67518952000;84461468000;73076042000;47493020000;9631327000;-7132517000;2498810000;655756000;3154566000;-2769114000;-804184000.0;385452000;-418732000;72661000;0;1874070932;1874070932;0;2023;1
1.0;1.0;16.404.287/0001-55;135371221000;2023.1T;135371221000;37888142000;4761264000;12206095000;16967359000;9403901000;6250810000;97483079000;15312637000;81756790000;97069427000;80102068000;38301794000;11276383000;-5968674000;5307709000;-1001421000;4306288000;2470107000;-1533602000.0;6776395000;5242793000;0;0;1304117615;1304117615;0;2023;1
1.0;1.0;09.346.601/0001-25;45806400000;2023.1T;45806400000;15579207000;1929953000;12239223000;14169176000;464980000;0;30227193000;7418131000;17828612000;25246743000;11077567000;20559657000;2460480000;-251080000;2209400000;-852425000;1356975000;142145000;-409662000.0;1499120000;1089458000;0;347000000;5546500000;5546500000;0;2023;1
1.0;1.0;07.689.002/0001-89;53129321000;2023.1T;53129321000;30609697000;5875215000;4440068000;10315283000;1258503000;14242363000;22519624000;17497388000;21549365000;39046753000;28731470000;14082568000;3726011000;-3134414000;591597000;-862279000;-270682000;-265516000;157838000.0;-536198000;-378360000;0;0;740465044;740465044;0;2023;1
1.0;1.0;00.001.180/0001-26;267830877000;2023.1T;267830877000;48519640000;14780178000;8526822000;23307000000;5001319000;447028000;219311237000;23640445000;133173091000;156813536000;133506536000;111017341000;9209833000;-4014975000;5194858000;-1207981000;3986877000;-3132821000;-448093000.0;854056000;405963000;0;0;2307099812;2027011498;280088314;2023;1
1.0;1.0;61.079.117/0001-05;8127527000;2023.1T;8127527000;3281018000;480855000;0;480855000;930488000;1457192000;4846509000;1314393000;1300779000;2615172000;2134317000;5512355000;902486000;-513610000;388876000;-676940000;-288064000;-21655000;110028000.0;-309719000;-199691000;0;0;683062222;339510689;343551533;2023;1
1.0;1.0;84.429.695/0001-11;28920083000;2023.1T;28920083000;20149777000;5106835000;548491000;5655326000;5602395000;7450430000;8770306000;11095417000;2524337000;13619754000;7964428000;15300329000;7696157000;-5149094000;2547063000;-1008870000;1538193000;68508000;-282760000.0;1606701000;1323941000;0;223377000;4197317998;4197317998;0;2023;1
1.0;1.0;08.807.432/0001-10;9573709000;2023.1T;9573709000;2424388000;637128000;490641000;1127769000;1065286000;0;7149321000;1391035000;5068561000;6459596000;5331827000;3114113000;1313329000;-479508000;833821000;-524562000;309259000;-171800000;12031000.0;137459000;149490000;0;0;309088851;309088851;0;2023;1
2.0;1.0;97.837.181/0001-47;15625433000;2023.1T;15625433000;4925599000;1489473000;0;1489473000;1327281000;1706849000;10699834000;3117576000;6472673000;9590249000;8100776000;6035184000;1712018000;-1048594000;663424000;-284104000;379320000;-185378000;-39613000.0;193942000;154329000;0;0;820566246;820566246;0;2023;1
2.0;1.0;00.864.214/0001-06;61964005000;2023.1T;61964005000;16082281000;3452065000;3280181000;6732246000;4023482000;152983000;45881724000;13672591000;34074136000;47746727000;41014481000;14217278000;6540522000;-4758568000;1781954000;-291924000;1490030000;-770477000;-210556000.0;719553000;508997000;0;0;2289424663;887231247;1402193416;2023;1
2.0;1.0;03.220.438/0001-73;92834649000;2023.1T;92834649000;22942333000;4321115000;4624025000;8945140000;11668165000;254069000;69892316000;14695037000;57272289000;71967326000;63022186000;20867323000;10176574000;-7380981000;2795593000;-921902000;1873691000;-1500353000;-85459000.0;373338000;287879000;0;0;1147108197;1147108197;0;2023;1
1.0;1.0;10.629.105/0001-68;25623115000;2023.1T;25623115000;3884323000;527180000;0;527180000;2230118000;0;21738792000;3177777000;11816373000;14994150000;14466970000;10628965000;2814955000;-981886000;1833069000;-313226000;1519843000;-264290000;-93488000.0;1255553000;1162065000;0;0;892059934;892059934;0;2023;1
1.0;1.0;02.800.026/0001-40;25825690000;2023.1T;25825690000;4587115000;410434000;1093111000;1503545000;2101674000;446698000;21238575000;3083950000;9452586000;12536536000;11032991000;13289154000;1329876000;-487761000;842115000;-582386000;259729000;-206599000;786000.0;53130000;53916000;0;0;1876606210;1876606210;0;2023;1
1.0;1.0;33.611.500/0001-19;75746608000;2023.1T;75746608000;32420076000;2581882000;3243455000;5825337000;5999188000;17184069000;43326532000;13031342000;13913099000;26944441000;21119104000;48802167000;18872303000;-15243628000;3628675000;663762000;4292437000;-50095000;-1026943000.0;4242342000;3215399000;0;0;2108480460;720631730;1387848730;2023;1
2.0;1.0;02.558.157/0001-62;121842519000;2023.1T;121842519000;20852863000;5178896000;1048000;5179944000;8452063000;1131916000;100989656000;23543227000;29478868000;53022095000;47842151000;68820424000;12720910000;-7213396000;5507514000;-3831629000;1675885000;-657392000;-183905000.0;1018493000;834588000;0;396000000;1652588360;1652588360;0;2023;1
1.0;1.0;60.840.055/0001-31;7863880000;2023.1T;7863880000;2475750000;9870000;1271657000;1281527000;973701000;99247000;5388130000;1235201000;3820694000;5055895000;3774368000;2807985000;1236823000;-880152000;356671000;-142153000;214518000;-89539000;-31155000.0;124979000;93824000;0;0;547191026;547191026;0;2023;1
1.0;1.0;08.312.229/0001-73;5601273000;2023.1T;5601273000;2491298000;36971000;752458000;789429000;302638000;1362800000;3109975000;454575000;578963000;1033538000;244109000;4567735000;250784000;-179499000;71285000;-42095000;29190000;24322000;-7482000.0;53512000;46030000;0;0;220989103;220989103;0;2023;1
2.0;1.0;07.526.557/0001-00;135466722000;2023.1T;135466722000;35378687000;12214086000;365284000;12579370000;5046681000;13030878000;100088035000;35632377000;13397478000;49029855000;36450485000;86436867000;20531743000;-10131684000;10400059000;-5524533000;4875526000;-997862000;-58415000.0;3877664000;3819249000;37039000;0;15757657336;15757657336;0;2023;1
1.0;1.0;33.000.167/0001-01;978577000000;2023.1T;978577000000;157194000000;52277000000;14629000000;66906000000;23497000000;40483000000;821383000000;128450000000;446722000000;575172000000;508266000000;403405000000;139068000000;-65757000000;73311000000;-13114000000;60197000000;-3200000000;-18690000000.0;56997000000;38307000000;230000000;0;13044496930;7442454142;5602042788;2023;1
1.0;1.0;67.620.377/0001-14;20221388000;2023.1T;20221388000;11911731000;4479007000;1894560000;6373567000;2130345000;1744483000;8309657000;6871485000;12293072000;19164557000;12790990000;1056831000;6381473000;-5227573000;1153900000;-753039000;400861000;-283989000;-2908000.0;116872000;113964000;0;0;607283407;607283407;0;2023;1
1.0;1.0;92.690.783/0001-09;76759564000;2023.1T;76759564000;33424339000;2581920000;4220563000;6802483000;5999188000;17184069000;43335225000;13041977000;13895061000;26937038000;20134555000;49822526000;18872303000;-15243628000;3628675000;659848000;4288523000;-18729000;-1033263000.0;4269794000;3236531000;0;0;1032705804;365111201;667594603;2023;1
1.0;1.0;89.637.490/0001-45;49381534000;2023.1T;49381534000;12964232000;5210712000;1865176000;7075888000;2433296000;2603919000;36417302000;6263538000;30355204000;36618742000;29542854000;12762792000;4830761000;-2475825000;2354936000;-733541000;1621395000;58265000;-417534000.0;1679660000;1262126000;0;0;6179682031;2289901455;3889780576;2023;1
1.0;1.0;02.429.144/0001-93;72470214000;2023.1T;72470214000;16948126000;4207081000;864414000;5071495000;5485254000;172916000;55522088000;15046598000;38237709000;53284307000;48212812000;19185907000;9839240000;-6314592000;3524648000;-534013000;2990635000;-551094000;-788866000.0;2439541000;1650675000;5735000;0;1152254440;1152254440;0;2023;1
2.0;1.0;04.423.567/0001-21;41947742000;2023.1T;41947742000;4810335000;901455000;572501000;1473956000;1094551000;692689000;37137407000;4842340000;23172196000;28014536000;26540580000;13933206000;2459203000;-1392282000;1066921000;-313757000;753164000;-435153000;-95343000.0;318011000;222668000;0;0;1584697571;1584697571;0;2023;1
3.0;1.0;89.096.457/0001-55;15979855000;2023.1T;15979855000;7608571000;1261520000;0;1261520000;741593000;3260289000;8371284000;4282314000;6139911000;10422225000;9160705000;5557630000;3074186000;-1906400000;1167786000;-194510000;973276000;-147753000;-250548000.0;825523000;574975000;0;0;443329716;443329716;0;2023;1
1.0;1.0;16.670.085/0001-55;66364903000;2023.1T;66364903000;11893697000;2372455000;3567025000;5939480000;2062843000;98533000;54471206000;12250436000;33260557000;45510993000;39571513000;20853910000;6825668000;-4684229000;2141439000;-501855000;1639584000;-1069953000;-48082000.0;569631000;521549000;0;362844000;1071889858;1071889858;0;2023;1
1.0;1.0;60.894.730/0001-05;40203760000;2023.1T;40203760000;20216136000;4575630000;1261163000;5836793000;3538479000;9864655000;19987624000;5180871000;8572437000;13753308000;7916515000;26450452000;7255249000;-6370461000;884788000;-344341000;540447000;193444000;-189815000.0;733891000;544076000;0;0;1253079108;705260684;547818424;2023;1
1.0;1.0;02.387.241/0001-60;45466781000;2023.1T;45466781000;8770593000;5253735000;0;5253735000;596915000;214340000;36696188000;4980266000;24999055000;29979321000;24725586000;15487460000;2383828000;-1603595000;780233000;-101690000;678543000;-607400000;-97000.0;71143000;71046000;0;0;1854868949;1854868949;0;2023;1
1.0;1.0;17.155.730/0001-64;54085360000;2023.1T;54085360000;13138051000;1600178000;1356927000;2957105000;5068950000;0;40947309000;11021804000;20266126000;31287930000;28330825000;22797430000;8646937000;-6562108000;2084829000;-225524000;1859305000;-105914000;-355185000.0;1753391000;1398206000;0;424226000;2861781895;956601911;1905179984;2023;1
2.0;1.0;42.150.391/0001-70;90449471000;2023.1T;90449471000;36636695000;12383167000;3828377000;16211544000;5228099000;13781514000;53812776000;24057150000;59239396000;83296546000;67085002000;7152925000;19446048000;-18461216000;984832000;-488763000;496069000;-351914000;98293000.0;144155000;242448000;0;0;797207834;451668652;345539182;2023;1
2.0;1.0;33.042.730/0001-04;83866380000;2023.2T;83866380000;28283039000;11975423000;1204679000;13180102000;2671612000;9508614000;55583341000;18537814000;44708983000;63246797000;50066695000;20619583000;10989111000;-8745660000;2243451000;-1102487000;1140964000;-1185909000;328243000.0;-44945000;283298000;0;0;1326093947;1326093947;0;2023;2
1.0;1.0;07.859.971/0001-30;18812340000;2023.2T;18812340000;3598345000;1323640000;0;1323640000;334517000;0;15213995000;1189144000;10933895000;12123039000;10799399000;6689301000;678504000;-240191000;438313000;32407000;470720000;-243267000;-7127000.0;227453000;220326000;0;0;1033496721;590714069;442782652;2023;2
1.0;1.0;53.113.791/0001-22;10923298000;2023.2T;10923298000;6418775000;2720311000;0;2720311000;529777000;0;4504523000;3755770000;2479740000;6235510000;3515199000;4687788000;1087915000;-330517000;757398000;-588540000;168858000;-3681000;-53345000.0;165177000;103897000;0;0;617183181;617183181;0;2023;2
1.0;1.0;33.256.439/0001-39;34278485000;2023.2T;34278485000;16589582000;5378068000;337427000;5715495000;4643694000;3686864000;17688903000;8439751000;13232073000;21671824000;15956329000;12606661000;29592540000;-27920269000;1672271000;-1157669000;514602000;-216723000;-59188000.0;297879000;238691000;0;0;1115404268;1115404268;0;2023;2
2.0;1.0;50.746.577/0001-15;135039459000;2023.2T;135039459000;28005492000;15739290000;0;15739290000;3632232000;1765603000;107033967000;16938410000;72246375000;89184785000;73445495000;45854674000;10010456000;-7135119000;2875337000;-645784000;2229553000;-3142776000;466482000.0;-913223000;-446741000;0;0;1874070932;1874070932;0;2023;2
1.0;1.0;16.404.287/0001-55;138278619000;2023.2T;138278619000;38062299000;11860415000;7913730000;19774145000;6488192000;6422496000;100216320000;14849595000;80729011000;95578606000;75804461000;42700013000;9159634000;-6228181000;2931453000;137224000;3068677000;4535679000;-2526733000.0;7604356000;5077623000;0;0;1304117615;1304117615;0;2023;2
1.0;1.0;09.346.601/0001-25;47176955000;2023.2T;47176955000;16141927000;2170662000;12092050000;14262712000;504895000;0;31035028000;9946058000;16677814000;26623872000;12361160000;20553083000;2477122000;-246900000;2230222000;-855907000;1374315000;102750000;-424123000.0;1477065000;1052942000;0;0;5546500000;5546500000;0;2023;2
1.0;1.0;07.689.002/0001-89;51703925000;2023.2T;51703925000;30035236000;6538496000;3703056000;10241552000;1052075000;13921973000;21668689000;19781353000;18636277000;38417630000;28176078000;13286295000;6359821000;-5261934000;1097887000;-747707000;350180000;-360818000;-121765000.0;-10638000;-132403000;0;0;740465044;740465044;0;2023;2
1.0;1.0;00.001.180/0001-26;263464041000;2023.2T;263464041000;43749223000;12996157000;7197301000;20193458000;4525786000;465961000;219714818000;29840306000;122159331000;151999637000;131806179000;111464404000;9245530000;-4411148000;4834382000;863251000;5697633000;-3558589000;-523503000.0;2139044000;1618904000;0;0;2307099812;2027011498;280088314;2023;2
1.0;1.0;61.079.117/0001-05;7766710000;2023.2T;7766710000;2923675000;414288000;0;414288000;768294000;1350123000;4843035000;1168828000;1286811000;2455639000;2041351000;5311071000;926359000;-548739000;377620000;-442706000;-65086000;-32832000;44823000.0;-97918000;-53095000;0;0;683062222;339510689;343551533;2023;2
1.0;1.0;84.429.695/0001-11;29101227000;2023.2T;29101227000;20237039000;4918937000;561522000;5480459000;5936243000;7466742000;8864188000;10724454000;2546250000;13270704000;7790245000;15830523000;8171322000;-5416778000;2754544000;-1073271000;1681273000;35882000;-307368000.0;1717155000;1409787000;0;0;4197317998;4197317998;0;2023;2
1.0;1.0;08.807.432/0001-10;9722947000;2023.2T;9722947000;2576916000;813765000;340327000;1154092000;1186552000;0;7146031000;1654402000;4916493000;6570895000;5416803000;3152052000;1307960000;-550337000;757623000;-544612000;213011000;-175881000;-5081000.0;37130000;32049000;0;0;309088851;309088851;0;2023;2
2.0;1.0;97.837.181/0001-47;16154254000;2023.2T;16154254000;5008402000;1648116000;0;1648116000;1372610000;1616997000;11145852000;3574845000;6451002000;10025847000;8377731000;6128407000;1953755000;-1275649000;678106000;-312387000;365719000;-186858000;-21478000.0;178861000;157383000;0;0;820566246;820566246;0;2023;2
2.0;1.0;00.864.214/0001-06;65091337000;2023.2T;65091337000;17539274000;3587466000;4990738000;8578204000;3939010000;160409000;47552063000;14258108000;35940341000;50198449000;41620245000;14892888000;6586066000;-4824996000;1761070000;-377544000;1383526000;-504234000;-222578000.0;879292000;656714000;0;0;2289424663;887231247;1402193416;2023;2
2.0;1.0;03.220.438/0001-73;95701577000;2023.2T;95701577000;23417042000;5243983000;4343351000;9587334000;11458494000;219777000;72284535000;16942206000;56926546000;73868752000;64281418000;21832825000;9201477000;-6438133000;2763344000;-961568000;1801776000;-1097823000;-33303000.0;703953000;670650000;0;0;1147108197;1147108197;0;2023;2
1.0;1.0;10.629.105/0001-68;25991952000;2023.2T;25991952000;3664023000;1155253000;0;1155253000;1357896000;729200000;22327929000;4067412000;11170652000;15238064000;14082811000;10753888000;2311206000;-843072000;1468134000;-286945000;1181189000;-341054000;834000.0;840135000;840969000;0;0;892059934;892059934;0;2023;2
1.0;1.0;02.800.026/0001-40;25607796000;2023.2T;25607796000;4643705000;320957000;1272807000;1593764000;2032328000;505222000;20964091000;3286196000;9089244000;12375440000;10781676000;13232356000;1386677000;-502960000;883717000;-736330000;147387000;-222348000;10054000.0;-74961000;-64907000;0;0;1876606210;1876606210;0;2023;2
1.0;1.0;33.611.500/0001-19;73795457000;2023.2T;73795457000;30316106000;2556042000;1628600000;4184642000;5593428000;16980891000;43479351000;10310529000;14327916000;24638445000;20453803000;49157012000;18265370000;-14987029000;3278341000;-393437000;2884904000;-422735000;-319446000.0;2462169000;2142723000;0;0;2108480460;720631730;1387848730;2023;2
2.0;1.0;02.558.157/0001-62;120157398000;2023.2T;120157398000;19903634000;5404821000;1082000;5405903000;8509660000;760812000;100253764000;22825416000;28629610000;51455026000;46049123000;68702372000;12732709000;-7045082000;5687627000;-3815173000;1872454000;-485823000;-265646000.0;1386631000;1120985000;0;0;1652588360;1652588360;0;2023;2
1.0;1.0;60.840.055/0001-31;11509984000;2023.2T;11509984000;2737577000;31512000;879132000;910644000;1486024000;132464000;8772407000;1992479000;4408921000;6401400000;5490756000;5108584000;1659541000;-1204442000;455099000;-257342000;197757000;-99510000;-24205000.0;98247000;74042000;0;0;547191026;547191026;0;2023;2
1.0;1.0;08.312.229/0001-73;5708397000;2023.2T;5708397000;2329851000;47806000;733611000;781417000;280090000;1232062000;3378546000;453463000;611308000;1064771000;283354000;4643626000;242732000;-164151000;78581000;-20380000;58201000;23096000;-5785000.0;81297000;75512000;0;0;220989103;220989103;0;2023;2
2.0;1.0;07.526.557/0001-00;133294415000;2023.2T;133294415000;34324091000;12117013000;313504000;12430517000;4877669000;12055022000;98970324000;34121757000;12806687000;46928444000;34497927000;86365971000;18898114000;-9635609000;9262505000;-5817088000;3445417000;-1073484000;225827000.0;2371933000;2597760000;0;0;15757657336;15757657336;0;2023;2
1.0;1.0;33.000.167/0001-01;990459000000;2023.2T;990459000000;136816000000;49882000000;11103000000;60985000000;21041000000;39241000000;853643000000;151599000000;466579000000;618178000000;557193000000;372281000000;113840000000;-56159000000;57681000000;-15710000000;41971000000;-269000000;-12766000000.0;41702000000;28936000000;0;0;13044496930;7442454142;5602042788;2023;2
1.0;1.0;67.620.377/0001-14;19866668000;2023.2T;19866668000;11661139000;3932497000;2264774000;6197271000;2088319000;1685326000;8205529000;7749486000;11211316000;18960802000;12763531000;905866000;7276483000;-5764102000;1512381000;-940976000;571405000;-427084000;-23589000.0;144321000;120732000;0;0;607283407;607283407;0;2023;2
1.0;1.0;92.690.783/0001-09;74835364000;2023.2T;74835364000;31347118000;2556083000;2591525000;5147608000;5593428000;16980891000;43488246000;10353815000;14325434000;24679249000;19531641000;50156115000;18265370000;-14987029000;3278341000;-425547000;2852794000;-391533000;-328739000.0;2461261000;2132522000;0;0;1032705804;365111201;667594603;2023;2
1.0;1.0;89.637.490/0001-45;49258411000;2023.2T;49258411000;11645316000;4071480000;1952298000;6023778000;2320134000;2719210000;37613095000;6276431000;28736117000;35012548000;28988770000;14245863000;4292579000;-2550670000;1741909000;-614320000;1127589000;155990000;-312880000.0;1283579000;970699000;0;0;6179682031;2289901455;3889780576;2023;2
1.0;1.0;02.429.144/0001-93;72444954000;2023.2T;72444954000;16629021000;5010217000;265397000;5275614000;5078312000;165750000;55815933000;18219747000;35167912000;53387659000;48112045000;19057295000;9388917000;-6356444000;3032473000;-534556000;2497917000;-685330000;-565635000.0;1812587000;1246952000;0;0;1152254440;1152254440;0;2023;2
2.0;1.0;04.423.567/0001-21;42790694000;2023.2T;42790694000;5326809000;1215205000;471472000;1686677000;1255507000;731097000;37463885000;4684365000;22830240000;27514605000;25827928000;15276089000;2523334000;-1486254000;1037080000;-230253000;806827000;-308277000;-108622000.0;498550000;389928000;0;0;1584697571;1584697571;0;2023;2
3.0;1.0;89.096.457/0001-55;15545044000;2023.2T;15545044000;7689956000;1160785000;0;1160785000;664879000;2610390000;7855088000;3856777000;6037014000;9893791000;8733006000;5651253000;2130192000;-1397212000;732980000;-88976000;644004000;-172609000;-122676000.0;471395000;348719000;0;0;443329716;443329716;0;2023;2
1.0;1.0;16.670.085/0001-55;71955862000;2023.2T;71955862000;16764904000;3246436000;6483921000;9730357000;2747145000;55276000;55190958000;13521220000;33544994000;47066214000;37335857000;24889648000;6846159000;-5391332000;1454827000;-634503000;820324000;-1097302000;188207000.0;-276978000;-88771000;0;0;1071889858;1071889858;0;2023;2
1.0;1.0;60.894.730/0001-05;39738726000;2023.2T;39738726000;18956289000;3750274000;1190367000;4940641000;3416772000;9627099000;20782437000;4774478000;8664601000;13439079000;8498438000;26299647000;6887396000;-6304931000;582465000;-452008000;130457000;205472000;-48572000.0;335929000;287357000;0;0;1253079108;705260684;547818424;2023;2
1.0;1.0;02.387.241/0001-60;46472940000;2023.2T;46472940000;9187726000;5714927000;0;5714927000;535868000;221301000;37285214000;4977644000;25851784000;30829428000;25114501000;15643512000;2763112000;-1691338000;1071774000;-162326000;909448000;-675897000;-66349000.0;233551000;167202000;0;0;1854868949;1854868949;0;2023;2
1.0;1.0;17.155.730/0001-64;54543064000;2023.2T;54543064000;13540429000;2182819000;1542983000;3725802000;4762847000;0;41002635000;10127642000;20800787000;30928429000;27202627000;23614635000;8819517000;-6800144000;2019373000;-443702000;1575671000;39810000;-370099000.0;1615481000;1245382000;0;0;2861781895;956601911;1905179984;2023;2
2.0;1.0;42.150.391/0001-70;88009250000;2023.2T;88009250000;34339074000;13240168000;2340064000;15580232000;4030276000;12984562000;53670176000;23112169000;58154018000;81266187000;65685955000;6743063000;17756177000;-17297601000;458576000;-2098787000;-1640211000;160653000;656210000.0;-1479558000;-823348000;0;0;797207834;451668652;345539182;2023;2
2.0;1.0;33.042.730/0001-04;88409654000;2023.3T;88409654000;31712482000;15302620000;1144599000;16447219000;3179048000;9283122000;56697172000;20684387000;47624422000;68308809000;51861590000;20100845000;11125028000;-8319723000;2805305000;-1157787000;1647518000;-1223475000;-333249000.0;424043000;90794000;0;0;1326093947;1326093947;0;2023;3
1.0;1.0;07.859.971/0001-30;19422890000;2023.3T;19422890000;4217841000;1674800000;0;1674800000;364385000;0;15205049000;1554339000;11216225000;12770564000;11095764000;6652326000;686466000;-255406000;431060000;-10779000;420281000;-182545000;41206000.0;237736000;278942000;0;0;1033496721;590714069;442782652;2023;3
1.0;1.0;53.113.791/0001-22;8755181000;2023.3T;8755181000;3849923000;3056726000;0;3056726000;557040000;0;4905258000;1297166000;2446452000;3743618000;686892000;5011563000;1153397000;-351760000;801637000;-595167000;206470000;8051000;-21042000.0;214521000;434777000;0;0;617183181;617183181;0;2023;3
1.0;1.0;33.256.439/0001-39;36409146000;2023.3T;36409146000;18039111000;6037119000;209205000;6246324000;5528073000;3913949000;18370035000;9942288000;13223425000;23165713000;16919389000;13243433000;32483536000;-29619258000;2864278000;-1286141000;1578137000;-300614000;-386280000.0;1277523000;891243000;0;0;1115404268;1115404268;0;2023;3
2.0;1.0;50.746.577/0001-15;137854202000;2023.3T;137854202000;28130629000;15081373000;0;15081373000;3580136000;1869979000;109723573000;17360122000;72830868000;90190990000;75109617000;47663212000;10253570000;-6955078000;3298492000;402984000;3701476000;-1474366000;-500103000.0;2227110000;1727007000;0;0;1874070932;1874070932;0;2023;3
1.0;1.0;16.404.287/0001-55;141617895000;2023.3T;141617895000;38226620000;5526463000;14947272000;20473735000;6650210000;6478233000;103391275000;13571009000;86169133000;99740142000;79266407000;41877753000;8948013000;-6104256000;2843757000;-1160262000;1683495000;-3494316000;1082064000.0;-1810821000;-728757000;0;0;1304117615;1304117615;0;2023;3
1.0;1.0;09.346.601/0001-25;47872683000;2023.3T;47872683000;17212889000;3174523000;11756457000;14930980000;475030000;0;30659794000;11757432000;15869086000;27626518000;12695538000;20246165000;2490082000;-241862000;2248220000;-901014000;1347206000;39116000;-312015000.0;1386322000;1074307000;0;0;5546500000;5546500000;0;2023;3
1.0;1.0;07.689.002/0001-89;52147333000;2023.3T;52147333000;29537258000;5160476000;2762896000;7923372000;1351602000;15288700000;22610075000;17912789000;20235122000;38147911000;30224539000;13999422000;6295990000;-5153192000;1142798000;-722482000;420316000;-132049000;33234000.0;288267000;321501000;0;0;740465044;740465044;0;2023;3
1.0;1.0;00.001.180/0001-26;276807009000;2023.3T;276807009000;58035080000;21679652000;10271350000;31951002000;5257407000;452858000;218771929000;30912279000;132720934000;163633213000;131682211000;113173796000;8781430000;-4716330000;4065100000;-174707000;3890393000;-3119159000;705353000.0;771234000;1476587000;0;0;2307099812;2027011498;280088314;2023;3
1.0;1.0;61.079.117/0001-05;7902397000;2023.3T;7902397000;3106687000;694176000;0;694176000;771707000;1173732000;4795710000;884391000;1626889000;2511280000;1817104000;5391117000;896150000;-533008000;363142000;-378687000;-15545000;-14053000;21116000.0;-29598000;-8482000;0;0;683062222;339510689;343551533;2023;3
1.0;1.0;84.429.695/0001-11;30075811000;2023.3T;30075811000;20745864000;5142836000;580474000;5723310000;6011821000;7662245000;9329947000;11125693000;2350331000;13476024000;7752714000;16599787000;8074837000;-5461011000;2613826000;-1032657000;1581169000;33420000;-268697000.0;1614589000;1345892000;0;0;4197317998;4197317998;0;2023;3
1.0;1.0;08.807.432/0001-10;9798220000;2023.3T;9798220000;2561056000;887082000;294560000;1181642000;1178695000;0;7237164000;1690276000;4854856000;6545132000;5363490000;3253088000;1296587000;-507166000;789421000;-531017000;258404000;-172798000;7764000.0;85606000;93370000;0;0;309088851;309088851;0;2023;3
2.0;1.0;97.837.181/0001-47;16530053000;2023.3T;16530053000;4748995000;1618527000;0;1618527000;1228570000;1533554000;11781058000;3544324000;6471605000;10015929000;8397402000;6514124000;1768953000;-1239733000;529220000;-243839000;285381000;4316000;14428000.0;289697000;304125000;0;0;820566246;820566246;0;2023;3
2.0;1.0;00.864.214/0001-06;65288716000;2023.3T;65288716000;15282489000;930170000;4656561000;5586731000;4534253000;177095000;50006227000;15657532000;34741306000;50398838000;44812107000;14889878000;7329166000;-5263151000;2066015000;-442037000;1623978000;-650565000;-284722000.0;973413000;688691000;0;0;2289424663;887231247;1402193416;2023;3
2.0;1.0;03.220.438/0001-73;98775410000;2023.3T;98775410000;23859945000;5575524000;3722217000;9297741000;12004780000;226376000;74915465000;20065547000;55785073000;75850620000;66552879000;22924790000;10361518000;-7055107000;3306411000;-1105037000;2201374000;-988149000;-285540000.0;1213225000;927685000;0;0;1147108197;1147108197;0;2023;3
1.0;1.0;10.629.105/0001-68;28521683000;2023.3T;28521683000;5086534000;2225259000;0;2225259000;1613769000;662465000;23435149000;3857691000;11762888000;15620579000;13395320000;12901104000;4045490000;-1627598000;2417892000;-185568000;2232324000;-112097000;-491403000.0;2120227000;1628824000;0;0;892059934;892059934;0;2023;3
1.0;1.0;02.800.026/0001-40;25222306000;2023.3T;25222306000;4390949000;206288000;1089821000;1296109000;2039007000;537336000;20831357000;3616049000;8486631000;12102680000;10806571000;13119626000;1270040000;-437783000;832257000;-741341000;90916000;-241249000;33677000.0;-150333000;-116656000;0;0;1876606210;1876606210;0;2023;3
1.0;1.0;33.611.500/0001-19;76410383000;2023.3T;76410383000;30891754000;2914529000;3088139000;6002668000;5738421000;15815393000;45518629000;10534158000;15088725000;25622883000;19620215000;50787500000;17063258000;-14270585000;2792673000;-408533000;2384140000;-477754000;-314321000.0;1906386000;1592065000;0;0;2108480460;720631730;1387848730;2023;3
2.0;1.0;02.558.157/0001-62;119991176000;2023.3T;119991176000;19401285000;4555518000;1116000;4556634000;9076483000;888354000;100589891000;21043753000;29621436000;50665189000;46108555000;69325987000;13111806000;-7452348000;5659458000;-3541446000;2118012000;-569896000;-71508000.0;1548116000;1476608000;0;0;1652588360;1652588360;0;2023;3
1.0;1.0;60.840.055/0001-31;11533043000;2023.3T;11533043000;2838559000;14117000;962521000;976638000;1558622000;135196000;8694484000;1918079000;4423019000;6341098000;5364460000;5191945000;1870045000;-1342480000;527565000;-209586000;317979000;-102906000;-43257000.0;215073000;171816000;0;0;547191026;547191026;0;2023;3
1.0;1.0;08.312.229/0001-73;5838676000;2023.3T;5838676000;2609601000;51500000;736454000;787954000;268262000;1520718000;3229075000;503128000;671173000;1174301000;386347000;4664375000;251727000;-170402000;81325000;-50139000;31186000;13724000;-6435000.0;44910000;38475000;0;0;220989103;220989103;0;2023;3
2.0;1.0;07.526.557/0001-00;137914205000;2023.3T;137914205000;37552669000;17413906000;227164000;17641070000;5523513000;10818947000;100361536000;33845767000;12507260000;46353027000;28711957000;91561178000;20317765000;-10223018000;10094747000;-5197169000;4897578000;-837896000;-44678000.0;4059682000;4015004000;0;0;15757657336;15757657336;0;2023;3
1.0;1.0;33.000.167/0001-01;1025496000000;2023.3T;1025496000000;147311000000;60642000000;6505000000;67147000000;25502000000;39510000000;878185000000;154571000000;483435000000;638006000000;570859000000;387490000000;124828000000;-58513000000;66315000000;-18769000000;47546000000;-9760000000;-11026000000.0;37786000000;26760000000;0;0;13044496930;7442454142;5602042788;2023;3
1.0;1.0;67.620.377/0001-14;25906758000;2023.3T;25906758000;15167947000;3425951000;7031343000;10457294000;1927749000;1418840000;10738811000;8124410000;16670103000;24794513000;14337219000;1112245000;7067636000;-5590113000;1477523000;-902834000;574689000;-535866000;102204000.0;38823000;141027000;0;0;607283407;607283407;0;2023;3
1.0;1.0;92.690.783/0001-09;77423566000;2023.3T;77423566000;31899949000;2914569000;4065304000;6979873000;5738421000;15815393000;45523617000;10545529000;15087061000;25632590000;18652717000;51790976000;17063258000;-14270585000;2792673000;-411795000;2380878000;-447267000;-320560000.0;1933611000;1613051000;0;0;1032705804;365111201;667594603;2023;3
1.0;1.0;89.637.490/0001-45;51693682000;2023.3T;51693682000;13576633000;5926913000;1926214000;7853127000;2395415000;2663739000;38117049000;6290335000;31806038000;38096373000;30243246000;13597309000;4400407000;-3096835000;1303572000;-668893000;634679000;-324831000;-65268000.0;309848000;244580000;0;0;6179682031;2289901455;3889780576;2023;3
1.0;1.0;02.429.144/0001-93;73774877000;2023.3T;73774877000;16947006000;5432698000;271010000;5703708000;5443941000;160496000;56827871000;20012644000;34301747000;54314391000;48610683000;19460486000;9974971000;-6763521000;3211450000;-634384000;2577066000;-683109000;-581264000.0;1893957000;1312693000;0;0;1152254440;1152254440;0;2023;3
2.0;1.0;04.423.567/0001-21;48962462000;2023.3T;48962462000;11306909000;7254785000;391071000;7645856000;1216853000;930770000;37655553000;9547414000;24143031000;33690445000;26044589000;15272017000;2380487000;-1634657000;745830000;-252316000;493514000;-635548000;72646000.0;-142034000;-69388000;0;0;1584697571;1584697571;0;2023;3
3.0;1.0;89.096.457/0001-55;16548948000;2023.3T;16548948000;7972235000;1662812000;0;1662812000;458525000;5110295000;8576713000;4039894000;6982203000;11022097000;9359285000;5526851000;2100685000;-1514433000;586252000;-171287000;414965000;-190933000;-56760000.0;224032000;167272000;0;0;443329716;443329716;0;2023;3
1.0;1.0;16.670.085/0001-55;73841922000;2023.3T;73841922000;15103920000;693755000;7800591000;8494346000;3183868000;0;58738002000;14843656000;33797661000;48641317000;40146971000;25200605000;7321957000;-5083394000;2238563000;-606772000;1631791000;-882771000;-84352000.0;749020000;664668000;0;0;1071889858;1071889858;0;2023;3
1.0;1.0;60.894.730/0001-05;40205324000;2023.3T;40205324000;18886231000;4198584000;1521712000;5720296000;3467881000;8817043000;21319093000;5503125000;8619517000;14122642000;8402346000;26082682000;6714210000;-6538854000;175356000;-420010000;-244654000;-97815000;176883000.0;-342469000;-165586000;0;0;1253079108;705260684;547818424;2023;3
1.0;1.0;02.387.241/0001-60;49319503000;2023.3T;49319503000;11464205000;6970324000;0;6970324000;628844000;224088000;37855298000;5770255000;27414148000;33184403000;26214079000;16135100000;3175072000;-1737523000;1437549000;-185309000;1252240000;-677782000;-91844000.0;574458000;482614000;0;0;1854868949;1854868949;0;2023;3
1.0;1.0;17.155.730/0001-64;56165430000;2023.3T;56165430000;13919356000;2355680000;1812392000;4168072000;5061782000;0;42246074000;10715700000;21015762000;31731462000;27563390000;24433968000;9426629000;-7383383000;2043246000;-348750000;1694496000;-214852000;-242337000.0;1479644000;1237307000;0;0;2861781895;956601911;1905179984;2023;3
2.0;1.0;42.150.391/0001-70;92015333000;2023.3T;92015333000;37275834000;13636839000;5042417000;18679256000;4483180000;12476033000;54739499000;24180113000;63457197000;87637310000;68958054000;4378023000;16675501000;-16106391000;569110000;-1189228000;-620118000;-2410064000;472090000.0;-3030182000;-2558092000;0;0;797207834;451668652;345539182;2023;3
2.0;1.0;33.042.730/0001-04;91843352000;2024.1T;91843352000;32517010000;14858365000;1592292000;16450657000;2486782000;9619777000;59326342000;25152607000;46931837000;72084444000;55633787000;19758908000;9712992000;-7521968000;2191024000;-1608089000;582935000;-1124527000;61930000.0;-541592000;-479662000;0;0;1326093947;1326093947;0;2024;1
2.0;1.0;07.859.971/0001-30;19627545000;2024.1T;19627545000;3370615000;1080101000;0;1080101000;267840000;0;16256930000;2681922000;9888742000;12570664000;11490563000;7056881000;731321000;-119153000;612168000;98598000;710766000;-303912000;-32827000.0;406854000;374027000;0;0;1033496721;590714069;442782652;2024;1
1.0;1.0;53.113.791/0001-22;9023831000;2024.1T;9023831000;3375449000;2548116000;0;2548116000;580657000;0;5648382000;1427272000;2514899000;3942171000;1394055000;5081660000;1247637000;-380493000;867144000;-653273000;213871000;-4662000;-78753000.0;209209000;129371000;0;0;599401581;599401581;0;2024;1
1.0;1.0;33.256.439/0001-39;36613453000;2024.1T;36613453000;16574897000;3747552000;309460000;4057012000;5493901000;4371941000;20038556000;9881355000;12356314000;22237669000;18180657000;14375784000;30395902000;-28334690000;2061212000;-1113863000;947349000;-282769000;-209134000.0;664580000;455446000;0;0;1115507182;1115507182;0;2024;1
1.0;1.0;50.746.577/0001-15;142977702000;2024.1T;142977702000;31650146000;16398421000;0;16398421000;3909009000;1945051000;111327556000;17666727000;74390654000;92057381000;75658960000;50920321000;9842056000;-6928437000;2913619000;-886383000;2027236000;-1779329000;15637000.0;247907000;263544000;221019000;0;1866570932;1866570932;0;2024;1
1.0;1.0;16.404.287/0001-55;143399491000;2024.1T;143399491000;35871806000;4203126000;14671943000;18875069000;6634735000;6521769000;107527685000;12414197000;86260695000;98674892000;79799823000;44724599000;9458602000;-5699870000;3758732000;-1206506000;2552226000;-3040048000;707854000.0;-487822000;220032000;0;0;1264117615;1264117615;0;2024;1
1.0;1.0;09.346.601/0001-25;48283271000;2024.1T;48283271000;18439218000;1664174000;15298609000;16962783000;522838000;0;29844053000;9532458000;18863193000;28395651000;11432868000;19887620000;2466317000;-244989000;2221328000;-997672000;1223656000;45374000;-319461000.0;1269030000;949569000;0;292500000;5266500000;5266500000;0;2024;1
1.0;1.0;07.689.002/0001-89;53827403000;2024.1T;53827403000;29292357000;4594767000;2775237000;7370004000;1128521000;15591576000;24535046000;19338140000;19289521000;38627661000;31257657000;15199742000;4448347000;-3612385000;835962000;-854988000;-19026000;183567000;-3069000.0;164541000;161472000;0;0;740465044;740465044;0;2024;1
3.0;1.0;00.001.180/0001-26;264381201000;2024.1T;264381201000;45229635000;12164315000;5834741000;17999056000;4979270000;449006000;219151566000;28793564000;122872459000;151666023000;133666967000;112715178000;8718271000;-4499682000;4218589000;-595183000;3623406000;-2987777000;-305095000.0;635629000;330534000;0;0;2308632600;2028544286;280088314;2024;1
1.0;1.0;61.079.117/0001-05;6478593000;2024.1T;6478593000;3364875000;1268922000;0;1268922000;763312000;968323000;3113718000;1079907000;1616272000;2696179000;1427257000;3782414000;931800000;-506419000;425381000;-392561000;32820000;-11911000;3753000.0;20909000;24662000;2000;1000;683062222;339510689;343551533;2024;1
1.0;1.0;84.429.695/0001-11;31981696000;2024.1T;31981696000;21484977000;5921085000;609111000;6530196000;6374256000;7215175000;10496719000;11688883000;2325647000;14014530000;7484334000;17967166000;8033304000;-5362600000;2670704000;-1067357000;1603347000;72452000;-298545000.0;1675799000;1377254000;0;242343000;4197317998;4197317998;0;2024;1
2.0;1.0;08.807.432/0001-10;9599537000;2024.1T;9599537000;2303795000;623451000;201024000;824475000;1237237000;0;7295742000;1561256000;4826228000;6387484000;5563009000;3212053000;1464328000;-502879000;961449000;-663539000;297910000;-160135000;12940000.0;137775000;150715000;0;0;289088851;289088851;0;2024;1
1.0;1.0;97.837.181/0001-47;18276178000;2024.1T;18276178000;6008933000;2822753000;0;2822753000;1343892000;1478740000;12267245000;3538799000;8241822000;11780621000;8957868000;6495557000;1935987000;-1385654000;550333000;-400866000;149467000;-156981000;-27588000.0;-7514000;-35102000;0;0;820566246;820566246;0;2024;1
4.0;1.0;00.864.214/0001-06;70922198000;2024.1T;70922198000;18915712000;1170081000;7985374000;9155455000;4956987000;184066000;52006486000;14785858000;36855118000;51640976000;42485521000;19281222000;7973743000;-5426029000;2547714000;-459274000;2088440000;-606647000;-346703000.0;1481793000;1135090000;0;0;2289424663;887231247;1402193416;2024;1
1.0;1.0;03.220.438/0001-73;100456503000;2024.1T;100456503000;23394889000;3344024000;5651825000;8995849000;12089637000;135328000;77061614000;17188494000;57568817000;74757311000;65761462000;25699192000;9898158000;-6766947000;3131211000;-1143995000;1987216000;-1275764000;-132020000.0;711452000;579432000;0;0;1253847835;1253847835;0;2024;1
1.0;1.0;10.629.105/0001-68;30779118000;2024.1T;30779118000;6790404000;4030098000;0;4030098000;1431728000;786995000;23988714000;3634616000;11747972000;15382588000;11352490000;15396530000;3200186000;-1387639000;1812547000;-88791000;1723756000;-198679000;-479524000.0;1525077000;1045553000;0;0;896346173;896346173;0;2024;1
1.0;1.0;02.800.026/0001-40;25052746000;2024.1T;25052746000;4826512000;414801000;1365698000;1780499000;2082925000;439799000;20226234000;3632152000;8730919000;12363071000;10582572000;12689675000;1516821000;-472355000;1044466000;-813926000;230540000;-226516000;-8896000.0;4024000;-3643000;0;0;1876606210;1876606210;0;2024;1
2.0;1.0;33.611.500/0001-19;76961069000;2024.1T;76961069000;29742522000;3743123000;2198040000;5941163000;5481606000;16043134000;47218547000;10642354000;14207772000;24850126000;18908963000;52110943000;16210263000;-13790544000;2419719000;332593000;2752312000;-475747000;-223693000.0;2276565000;2052872000;0;0;2028194949;718346219;1309848730;2024;1
1.0;1.0;02.558.157/0001-62;123859243000;2024.1T;123859243000;23496464000;6755749000;0;6755749000;9493955000;1036717000;100362779000;23257570000;31875892000;55133462000;48377713000;68725781000;13545635000;-7518492000;6027143000;-4116655000;1910488000;-686757000;-327622000.0;1223731000;896109000;0;300000000;3261287392;3261287392;0;2024;1
1.0;1.0;60.840.055/0001-31;11686093000;2024.1T;11686093000;3003136000;91401000;798128000;889529000;1731049000;127562000;8682957000;1785033000;4688334000;6473367000;5583838000;5212726000;1904448000;-1339199000;565249000;-238018000;327231000;-110275000;-48642000.0;216956000;168314000;80536000;0;547191026;547191026;0;2024;1
1.0;1.0;08.312.229/0001-73;5880726000;2024.1T;5880726000;2482114000;38368000;725666000;764034000;270024000;1416596000;3398612000;271950000;847031000;1118981000;354947000;4761745000;239186000;-157477000;81709000;-49742000;31967000;30864000;-6584000.0;62831000;56247000;0;0;220989103;220989103;0;2024;1
1.0;1.0;07.526.557/0001-00;133816801000;2024.1T;133816801000;34675011000;12844524000;1077190000;13921714000;5260569000;10698373000;99141790000;34911823000;11528262000;46440085000;32518371000;87376716000;20276297000;-10058994000;10217303000;-5336012000;4881291000;-405944000;-671165000.0;4475347000;3804182000;4212000;0;15761638756;15761638756;0;2024;1
1.0;1.0;33.000.167/0001-01;1067292000000;2024.1T;1067292000000;165964000000;57689000000;24072000000;81761000000;25184000000;40849000000;901328000000;153876000000;503494000000;657370000000;575609000000;409922000000;117721000000;-57020000000;60701000000;-16674000000;44027000000;-9579000000;-10638000000.0;34448000000;23810000000;187000000;0;12888732761;7442231382;5446501379;2024;1
1.0;1.0;67.620.377/0001-14;32569989000;2024.1T;32569989000;21694406000;4241849000;11557100000;15798949000;2694153000;2044735000;10875583000;10763096000;21289318000;32052414000;16253465000;517575000;7187084000;-5757922000;1429162000;-952572000;476590000;-626467000;-36274000.0;-149877000;-186151000;0;0;607283407;607283407;0;2024;1
2.0;1.0;92.690.783/0001-09;77297571000;2024.1T;77297571000;30075170000;3743165000;2489496000;6232661000;5481606000;16043134000;47222401000;10647367000;14195175000;24842542000;18609881000;52455029000;16210263000;-13790544000;2419719000;329131000;2748850000;-468986000;-224426000.0;2279864000;2055438000;0;0;993705804;365111201;628594603;2024;1
2.0;1.0;89.637.490/0001-45;56794422000;2024.1T;56794422000;17974739000;10724174000;1076318000;11800492000;2397054000;2869746000;38819683000;6444189000;36804087000;43248276000;31447784000;13546146000;4429583000;-2795742000;1633841000;-631627000;1002214000;-378355000;-163847000.0;623859000;460012000;0;0;6179682031;2289901455;3889780576;2024;1
1.0;1.0;02.429.144/0001-93;75540988000;2024.1T;75540988000;17601576000;3319344000;2080718000;5400062000;6448452000;152833000;57939412000;19155406000;34726826000;53882232000;48482170000;21658756000;10165775000;-6344021000;3821754000;-522449000;3299305000;-815932000;-728271000.0;2483373000;1755102000;67943000;0;1152254440;1152254440;0;2024;1
2.0;1.0;04.423.567/0001-21;43090587000;2024.1T;43090587000;5308501000;1618617000;769051000;2387668000;1065130000;757635000;37782086000;4204293000;23849422000;28053715000;25666047000;15036872000;2004692000;-1045621000;959071000;-218803000;740268000;-707078000;33513000.0;33190000;66703000;0;0;1932591767;1932591767;0;2024;1
1.0;1.0;89.096.457/0001-55;15424018000;2024.1T;15424018000;7399250000;1863483000;0;1863483000;403129000;2876818000;8024768000;4424391000;5745257000;10169648000;8306165000;5254370000;1994799000;-1348583000;646216000;-147695000;498521000;-190404000;-79174000.0;308117000;228943000;0;0;443329716;443329716;0;2024;1
2.0;1.0;16.670.085/0001-55;79909289000;2024.1T;79909289000;18091805000;1131071000;9353641000;10484712000;3749805000;0;61817484000;15645521000;38254228000;53899749000;43415037000;26009540000;8686390000;-6164409000;2521981000;-671062000;1850919000;-984569000;-132878000.0;866350000;733472000;0;407093000;1082620720;1082620720;0;2024;1
1.0;1.0;60.894.730/0001-05;39444454000;2024.1T;39444454000;17131213000;5038962000;703539000;5742501000;3385869000;7033693000;22313241000;4820660000;8065440000;12886100000;7143599000;26558354000;6222819000;-5823865000;398954000;-267907000;131047000;-155704000;60302000.0;-24657000;35645000;0;0;1253079108;705260684;547818424;2024;1
1.0;1.0;02.387.241/0001-60;50455470000;2024.1T;50455470000;11660746000;7534862000;0;7534862000;678292000;276390000;38794724000;5468550000;28736862000;34205412000;26670550000;16250058000;3146017000;-1826033000;1319984000;-214426000;1105558000;-621079000;-116141000.0;484479000;368338000;0;0;1854868949;1854868949;0;2024;1
1.0;1.0;17.155.730/0001-64;57442030000;2024.1T;57442030000;14806211000;2177401000;2300277000;4477678000;5313481000;0;42635819000;12847991000;19173885000;32021876000;27544198000;25420154000;9057867000;-7032407000;2025460000;-342768000;1682692000;-180986000;-348815000.0;1501706000;1152891000;0;386337000;2861781895;956601911;1905179984;2024;1
2.0;1.0;42.150.391/0001-70;93542000000;2024.1T;93542000000;37453000000;14215000000;3960000000;18175000000;4211000000;13256000000;56089000000;25953000000;65221000000;91174000000;72999000000;2368000000;17920000000;-16709000000;1211000000;-1252000000;-41000000;-2030000000;681000000.0;-2071000000;-1390000000;0;0;797207834;451668652;345539182;2024;1
2.0;1.0;33.042.730/0001-04;93423377000;2024.2T;93423377000;31961190000;15545377000;1293044000;16838421000;2548048000;9944927000;61462187000;24843111000;52147209000;76990320000;60151899000;16433057000;10881740000;-7892701000;2989039000;-1375530000;1613509000;-1495391000;-340730000.0;118118000;-222612000;0;0;1326093947;1326093947;0;2024;2
2.0;1.0;07.859.971/0001-30;19812108000;2024.2T;19812108000;3281999000;1083447000;0;1083447000;238027000;0;16530109000;1708327000;11335550000;13043877000;11960430000;6768231000;911108000;-343917000;567191000;79340000;646531000;-202915000;-40477000.0;443616000;403139000;0;0;1033496721;590714069;442782652;2024;2
1.0;1.0;53.113.791/0001-22;8702896000;2024.2T;8702896000;3070913000;2205225000;0;2205225000;584221000;0;5631983000;1280133000;2434539000;3714672000;1509447000;4988224000;1295135000;-408277000;886858000;-694965000;191893000;-9625000;-61563000.0;182268000;120705000;0;0;599401581;599401581;0;2024;2
1.0;1.0;33.256.439/0001-39;38340170000;2024.2T;38340170000;15746103000;3830731000;300830000;4131561000;5031371000;3989611000;22594067000;10150691000;13335628000;23486319000;19354758000;14853851000;32343947000;-30235855000;2108092000;-1218495000;889597000;-205748000;-192636000.0;683849000;491213000;0;0;1115507182;1115507182;0;2024;2
1.0;1.0;50.746.577/0001-15;143350283000;2024.2T;143350283000;33560071000;17230061000;0;17230061000;4159171000;2146516000;109790212000;18750430000;76343943000;95094373000;77864312000;48255910000;10694008000;-7137604000;3556404000;-2112608000;1443796000;-2521803000;108522000.0;-1078007000;-969485000;0;0;1866570932;1866570932;0;2024;2
1.0;1.0;16.404.287/0001-55;153094311000;2024.2T;153094311000;39123153000;7246498000;14360936000;21607434000;7224926000;7126680000;113971158000;15754075000;96726041000;112480116000;90872682000;40614195000;11494136000;-6093239000;5400897000;-787251000;4613646000;-11073675000;2694512000.0;-6460029000;-3765517000;0;0;1264117615;1264117615;0;2024;2
1.0;1.0;09.346.601/0001-25;46444945000;2024.2T;46444945000;16781627000;2366921000;12780747000;15147668000;553150000;0;29663318000;9854332000;17460977000;27315309000;12167641000;19129636000;2727242000;-270228000;2457014000;-728845000;1728169000;-38761000;-445365000.0;1689408000;1244043000;0;0;5266500000;5266500000;0;2024;2
1.0;1.0;07.689.002/0001-89;60459029000;2024.2T;60459029000;32379781000;4008343000;2731288000;6739631000;1306410000;18043902000;28079248000;21557784000;21592066000;43149850000;36410219000;17309179000;7846922000;-6590974000;1255948000;-587435000;668513000;-86601000;-44855000.0;581912000;537057000;0;0;740465044;740465044;0;2024;2
3.0;1.0;00.001.180/0001-26;273756616000;2024.2T;273756616000;54645749000;18300577000;8223439000;26524016000;5067129000;468232000;219110867000;23205978000;136320512000;159526490000;133002474000;114230126000;8395282000;-4662300000;3732982000;-271468000;3461514000;-2921813000;1202974000.0;539701000;1742675000;0;0;2308632600;2028544286;280088314;2024;2
1.0;1.0;61.079.117/0001-05;6555466000;2024.2T;6555466000;3379752000;1275587000;0;1275587000;819151000;946841000;3175714000;1196838000;1460289000;2657127000;1381540000;3898339000;1016497000;-537073000;479424000;-471871000;7553000;9907000;5969000.0;17460000;23429000;0;0;683062222;339510689;343551533;2024;2
1.0;1.0;84.429.695/0001-11;37439486000;2024.2T;37439486000;25019368000;6610785000;619979000;7230764000;7210277000;8845836000;12420118000;14218966000;3219811000;17438777000;10208013000;20000709000;9274426000;-6148231000;3126195000;-1194905000;1931290000;25281000;-444508000.0;1956571000;1512063000;0;0;4197317998;4197317998;0;2024;2
2.0;1.0;08.807.432/0001-10;9395403000;2024.2T;9395403000;2173395000;427005000;234725000;661730000;1268960000;0;7222008000;1294459000;4942819000;6237278000;5575548000;3158125000;1315599000;-562920000;752679000;-549606000;203073000;-183857000;5606000.0;19216000;24822000;0;0;289088851;289088851;0;2024;2
1.0;1.0;97.837.181/0001-47;18437703000;2024.2T;18437703000;5352904000;2065491000;0;2065491000;1433881000;1483548000;13084799000;3555624000;8187738000;11743362000;9677871000;6694341000;1995398000;-1270147000;725251000;-412731000;312520000;-154055000;-63973000.0;158465000;94492000;0;0;820566246;820566246;0;2024;2
4.0;1.0;00.864.214/0001-06;73870578000;2024.2T;73870578000;20274928000;826327000;10160135000;10986462000;4284700000;186454000;53595650000;16895453000;37449431000;54344884000;43358422000;19525694000;7603022000;-5734393000;1868629000;-557729000;1310900000;-440849000;-215075000.0;870051000;654976000;0;0;2289424663;887231247;1402193416;2024;2
1.0;1.0;03.220.438/0001-73;105098408000;2024.2T;105098408000;27800747000;2607560000;9369821000;11977381000;12148617000;146079000;77297661000;18139122000;60178558000;78317680000;66340299000;26780728000;10487168000;-7333023000;3154145000;-1215486000;1938659000;-944155000;-299409000.0;994504000;695095000;0;0;1253847835;1253847835;0;2024;2
1.0;1.0;10.629.105/0001-68;37293930000;2024.2T;37293930000;10549709000;6447834000;0;6447834000;2093882000;1067231000;26744221000;5183664000;14343484000;19527148000;13079314000;17766782000;4595041000;-2190581000;2404460000;115617000;2520077000;-55870000;-1044198000.0;2464207000;1420009000;0;0;896346173;896346173;0;2024;2
1.0;1.0;02.800.026/0001-40;23982177000;2024.2T;23982177000;4150458000;94745000;839944000;934689000;2225515000;468946000;19831719000;2139218000;9176024000;11315242000;10380553000;12666935000;1431601000;-466298000;965303000;-744981000;220322000;-270493000;31033000.0;-50171000;-23657000;0;0;1876606210;1876606210;0;2024;2
2.0;1.0;33.611.500/0001-19;82399264000;2024.2T;82399264000;31828120000;4889466000;1749547000;6639013000;5875819000;16547424000;50571144000;11246915000;15810443000;27057358000;20418345000;55341906000;16615817000;-14428921000;2186896000;-566829000;1620067000;-597278000;-155808000.0;1022789000;866981000;0;0;2028194949;718346219;1309848730;2024;2
1.0;1.0;02.558.157/0001-62;124088797000;2024.2T;124088797000;23839778000;7354965000;0;7354965000;9207881000;1030755000;100249019000;23170092000;31761210000;54931302000;47576337000;69157495000;13678936000;-7608019000;6070917000;-4029709000;2041208000;-351530000;-458169000.0;1689678000;1231509000;0;0;3261287392;3261287392;0;2024;2
1.0;1.0;60.840.055/0001-31;12802394000;2024.2T;12802394000;4167729000;10412000;1993649000;2004061000;1759050000;139551000;8634665000;1774725000;5596624000;7371349000;5367288000;5431045000;1978202000;-1410879000;567323000;-237881000;329442000;-101330000;-55949000.0;228112000;172163000;0;0;547191026;547191026;0;2024;2
1.0;1.0;08.312.229/0001-73;6090503000;2024.2T;6090503000;2614516000;45034000;783251000;828285000;336297000;1414875000;3475987000;254579000;996705000;1251284000;422999000;4839219000;415924000;-287598000;128326000;-55236000;73090000;28747000;-9513000.0;101837000;92324000;0;0;220989103;220989103;0;2024;2
1.0;1.0;07.526.557/0001-00;143438846000;2024.2T;143438846000;38316335000;14154434000;1187157000;15341591000;5883895000;11425922000;105122511000;34618169000;12785325000;47403494000;32061903000;96035352000;20044215000;-10059980000;9984235000;-5936250000;4047985000;-616223000;-979874000.0;3431762000;2451888000;0;0;15761638756;15761638756;0;2024;2
1.0;1.0;33.000.167/0001-01;1058688000000;2024.2T;1058688000000;159310000000;43829000000;23848000000;67677000000;24489000000;40796000000;899378000000;177972000000;504676000000;682648000000;614971000000;376040000000;122258000000;-61211000000;61047000000;-27504000000;33543000000;-36396000000;338000000.0;-2853000000;-2515000000;0;0;12888732761;7442231382;5446501379;2024;2
1.0;1.0;67.620.377/0001-14;34855127000;2024.2T;34855127000;23415624000;4561903000;11951082000;16512985000;3431575000;2096581000;11439503000;10530347000;23082751000;33613098000;17100113000;1242029000;7666140000;-6000533000;1665607000;-1070436000;595171000;-492789000;-6944000.0;102382000;95438000;0;0;607283407;607283407;0;2024;2
2.0;1.0;92.690.783/0001-09;82741560000;2024.2T;82741560000;32166697000;4889582000;2047939000;6937521000;5875819000;16547424000;50574863000;11252946000;15798102000;27051048000;20113527000;55690512000;16615817000;-14428921000;2186896000;-570130000;1616766000;-588901000;-156976000.0;1027865000;870889000;0;0;993705804;365111201;628594603;2024;2
2.0;1.0;89.637.490/0001-45;57495041000;2024.2T;57495041000;19389513000;11904719000;1055261000;12959980000;2429640000;3122447000;38105528000;6815127000;39061587000;45876714000;32916734000;11618327000;4948733000;-3281631000;1667102000;-669799000;997303000;-562670000;-119503000.0;434633000;315130000;0;0;6179682031;2289901455;3889780576;2024;2
1.0;1.0;02.429.144/0001-93;74028917000;2024.2T;74028917000;15514704000;2997144000;946133000;3943277000;5802880000;150876000;58514213000;15641695000;38236557000;53878252000;49934975000;20150665000;9661935000;-6674310000;2987625000;-721168000;2266457000;-715999000;-450151000.0;1550458000;1100307000;0;0;1152254440;1152254440;0;2024;2
2.0;1.0;04.423.567/0001-21;44522425000;2024.2T;44522425000;5022944000;1201286000;498810000;1700096000;1104074000;761858000;39499481000;4344848000;23964418000;28309266000;26609170000;16213159000;1943032000;-1047147000;895885000;-169221000;726664000;-918690000;1378956000.0;-192026000;1186930000;0;0;1932591767;1932591767;0;2024;2
1.0;1.0;89.096.457/0001-55;15536244000;2024.2T;15536244000;7341432000;1101801000;0;1101801000;463177000;2489623000;8194812000;4697008000;5668383000;10365391000;9263590000;5170853000;2111918000;-1280856000;831062000;-155903000;675159000;-224402000;-129345000.0;450757000;321412000;0;0;443329716;443329716;0;2024;2
2.0;1.0;16.670.085/0001-55;81040741000;2024.2T;81040741000;18971562000;1281818000;10112892000;11394710000;3740807000;0;62069179000;16362097000;39339641000;55701738000;44307028000;25339003000;9049049000;-8399516000;649533000;-761437000;-111904000;-942851000;485153000.0;-1054755000;-569602000;0;0;1082620720;1082620720;0;2024;2
1.0;1.0;60.894.730/0001-05;39539710000;2024.2T;39539710000;17083849000;4884521000;720527000;5605048000;3380353000;7124082000;22455861000;4762713000;8328557000;13091270000;7486222000;26448440000;6349631000;-6021393000;328238000;-355817000;-27579000;-196611000;124461000.0;-224190000;-99729000;0;0;1253079108;705260684;547818424;2024;2
1.0;1.0;02.387.241/0001-60;49207112000;2024.2T;49207112000;11946181000;8028917000;0;8028917000;732945000;267700000;37260931000;5629250000;29069024000;34698274000;26669357000;14508838000;3574737000;-1807554000;1767183000;-2623297000;-856114000;-646594000;-239888000.0;-1502708000;-1742596000;0;0;1854868949;1854868949;0;2024;2
1.0;1.0;17.155.730/0001-64;56740773000;2024.2T;56740773000;13062465000;1564249000;1353092000;2917341000;5274685000;0;43678308000;13627251000;16435898000;30063149000;27145808000;26677624000;9435991000;-6932304000;2503687000;-470883000;2032804000;118119000;-462337000.0;2150923000;1688586000;0;0;2861781895;956601911;1905179984;2024;2
2.0;1.0;42.150.391/0001-70;97061000000;2024.2T;97061000000;37837000000;14213000000;3116000000;17329000000;4247000000;13512000000;59224000000;28859000000;69168000000;98027000000;80698000000;-966000000;19075000000;-17685000000;1390000000;-1547000000;-157000000;-5863000000;2114000000.0;-6020000000;-3906000000;0;0;797207834;451668652;345539182;2024;2
2.0;1.0;33.042.730/0001-04;96877650000;2024.3T;96877650000;34892551000;18452408000;1028389000;19480797000;2318282000;10534183000;61985099000;26105856000;55536778000;81642634000;62161837000;15235016000;11066589000;-8332916000;2733673000;-1952192000;781481000;-1931588000;399237000.0;-1150107000;-750870000;0;0;1326093947;1326093947;0;2024;3
2.0;1.0;07.859.971/0001-30;20186204000;2024.3T;20186204000;3142656000;1029576000;0;1029576000;229694000;0;17043548000;2208976000;11016748000;13225724000;12196148000;6960480000;990989000;-387020000;603969000;57747000;661716000;-210582000;-41852000.0;451134000;409282000;0;0;1033496721;590714069;442782652;2024;3
1.0;1.0;53.113.791/0001-22;8780352000;2024.3T;8780352000;3058506000;2154825000;0;2154825000;581925000;0;5721846000;1253991000;2418254000;3672245000;1517420000;5108107000;1329798000;-411044000;918754000;-667892000;250862000;-19805000;64787000.0;231057000;295844000;0;0;599401581;599401581;0;2024;3
1.0;1.0;33.256.439/0001-39;39321790000;2024.3T;39321790000;16166104000;3855366000;377405000;4232771000;4485933000;4742344000;23155686000;10292359000;13680947000;23973306000;19740535000;15348484000;35357672000;-33075501000;2282171000;-1167710000;1114461000;-108261000;-307778000.0;1006200000;698422000;0;0;1115507182;1115507182;0;2024;3
1.0;1.0;50.746.577/0001-15;144830013000;2024.3T;144830013000;31530878000;14627568000;0;14627568000;4032624000;2229711000;113299135000;16973866000;78619699000;95593565000;80965997000;49236448000;11646297000;-7809169000;3837128000;-914950000;2922178000;-1417294000;-510045000.0;1504884000;1026774000;0;0;1866570932;1866570932;0;2024;3
1.0;1.0;16.404.287/0001-55;153211989000;2024.3T;153211989000;35777702000;5818031000;11311861000;17129892000;7268889000;7729122000;117434287000;16490921000;95119310000;111610231000;94480339000;41601758000;12273546000;-6847701000;5425845000;-1316446000;4109399000;867762000;-1739810000.0;4977161000;3237351000;0;0;1264117615;1264117615;0;2024;3
1.0;1.0;09.346.601/0001-25;46068083000;2024.3T;46068083000;16434207000;1901718000;12971383000;14873101000;506967000;0;29633876000;8813382000;18096900000;26910282000;12037181000;19157801000;2711382000;-275466000;2435916000;-831701000;1604215000;73561000;-473243000.0;1677776000;1204533000;0;0;5266500000;5266500000;0;2024;3
1.0;1.0;07.689.002/0001-89;63586602000;2024.3T;63586602000;35308863000;4529838000;3506035000;8035873000;1458845000;18198701000;28277739000;22650318000;22327443000;44977761000;36941888000;18608841000;9385445000;-7639580000;1745865000;-164576000;1581289000;-228544000;-345488000.0;1352745000;1007257000;0;0;740465044;740465044;0;2024;3
3.0;1.0;00.001.180/0001-26;279800195000;2024.3T;279800195000;55077914000;22435984000;6699815000;29135799000;5402015000;474816000;224722281000;26759974000;131653268000;158413242000;129277443000;121386953000;11042927000;-5791230000;5251697000;5917764000;11169461000;-2788321000;-1185863000.0;8381140000;7195277000;0;0;2308632600;2028544286;280088314;2024;3
1.0;1.0;61.079.117/0001-05;6619179000;2024.3T;6619179000;3477619000;1419235000;0;1419235000;842873000;886330000;3141560000;1251370000;1410910000;2662280000;1243045000;3956899000;1037603000;-543067000;494536000;-439259000;55277000;-4868000;6844000.0;50409000;57253000;0;0;683062222;339510689;343551533;2024;3
1.0;1.0;84.429.695/0001-11;36315645000;2024.3T;36315645000;23752129000;5474203000;636800000;6111003000;6820230000;9108988000;12563516000;13328901000;2518193000;15847094000;9736091000;20468551000;9856935000;-6458216000;3398719000;-1385878000;2012841000;64448000;-416771000.0;2077289000;1660518000;0;0;4197317998;4197317998;0;2024;3
2.0;1.0;08.807.432/0001-10;9458751000;2024.3T;9458751000;2280048000;546302000;328649000;874951000;1158858000;0;7178703000;1343918000;4882261000;6226179000;5351228000;3232572000;1305581000;-501965000;803616000;-553240000;250376000;-108925000;10456000.0;141451000;151907000;0;0;289088851;289088851;0;2024;3
1.0;1.0;97.837.181/0001-47;18570312000;2024.3T;18570312000;5454433000;1693520000;459162000;2152682000;1523656000;1384240000;13115879000;3650889000;8191079000;11841968000;9689286000;6728344000;2239091000;-1571834000;667257000;-375328000;291929000;-124702000;-74607000.0;167227000;92620000;0;0;820566246;820566246;0;2024;3
4.0;1.0;00.864.214/0001-06;73818475000;2024.3T;73818475000;18690192000;1098264000;7872233000;8970497000;4626555000;140138000;55128283000;15794861000;37531782000;53326643000;44356146000;20491832000;8580567000;-6556251000;2024316000;-615023000;1409293000;-498354000;-183869000.0;910939000;727070000;0;0;2289424663;887231247;1402193416;2024;3
1.0;1.0;03.220.438/0001-73;112386976000;2024.3T;112386976000;26880255000;2232842000;8047675000;10280517000;12912501000;157430000;85506721000;18240484000;64362328000;82602812000;72322295000;29784164000;12363295000;-8905505000;3457790000;-916800000;2540990000;-1189256000;-361260000.0;1351734000;990474000;0;0;1253847835;1253847835;0;2024;3
1.0;1.0;10.629.105/0001-68;43300018000;2024.3T;43300018000;17234001000;11769768000;0;11769768000;2092964000;1028481000;26066017000;3437339000;21671270000;25108609000;13338841000;18191409000;3578288000;-2129875000;1448413000;-197689000;1250724000;-205832000;-157743000.0;1044892000;887149000;0;0;896346173;896346173;0;2024;3
1.0;1.0;02.800.026/0001-40;23866998000;2024.3T;23866998000;4221237000;67458000;1058813000;1126271000;2044752000;523756000;19645761000;2617636000;8624212000;11241848000;10115577000;12625150000;1281608000;-428123000;853485000;-716526000;136959000;-213116000;29294000.0;-76157000;-46863000;0;0;1876606210;1876606210;0;2024;3
2.0;1.0;33.611.500/0001-19;81851317000;2024.3T;81851317000;32817966000;8074104000;757578000;8831682000;5673760000;15914442000;49033351000;11026197000;15309183000;26335380000;17503698000;55515937000;17378032000;-14801417000;2576615000;-455148000;2121467000;-322793000;-442429000.0;1798674000;1356245000;0;0;2028194949;718346219;1309848730;2024;3
1.0;1.0;02.558.157/0001-62;123667672000;2024.3T;123667672000;23076772000;6798719000;0;6798719000;9195715000;1200976000;100590900000;24003137000;30563515000;54566652000;47767933000;69101020000;14039057000;-7795275000;6243782000;-3952698000;2291084000;-528983000;-94032000.0;1762101000;1668069000;0;0;3261287392;3261287392;0;2024;3
1.0;1.0;60.840.055/0001-31;13031228000;2024.3T;13031228000;4392226000;12634000;2222581000;2235215000;1763847000;139511000;8639002000;2271091000;5332282000;7603373000;5368158000;5427855000;1962671000;-1405672000;556999000;-216882000;340117000;-96075000;-57350000.0;244042000;186692000;0;0;547191026;547191026;0;2024;3
1.0;1.0;08.312.229/0001-73;6355755000;2024.3T;6355755000;2836260000;40699000;852081000;892780000;401391000;1505201000;3519495000;244815000;1142998000;1387813000;495033000;4967942000;478869000;-316185000;162684000;-39480000;123204000;36975000;-11204000.0;160179000;148975000;0;0;220989103;220989103;0;2024;3
1.0;1.0;07.526.557/0001-00;147286361000;2024.3T;147286361000;42672930000;19784362000;1154677000;20939039000;6087501000;11093344000;104613431000;35673114000;12729170000;48402284000;27463245000;98884077000;22096739000;-10972603000;11124136000;-5772992000;5351144000;-681525000;-1103318000.0;4669619000;3566301000;0;0;15761638756;15761638756;0;2024;3
1.0;1.0;33.000.167/0001-01;1077849000000;2024.3T;1077849000000;167371000000;47367000000;30471000000;77838000000;23845000000;40544000000;910478000000;178932000000;503864000000;682796000000;604958000000;395053000000;129582000000;-63004000000;66578000000;-20116000000;46462000000;-1561000000;-12225000000.0;44901000000;32676000000;0;0;12888732761;7442231382;5446501379;2024;3
1.0;1.0;67.620.377/0001-14;35971356000;2024.3T;35971356000;24548406000;5567964000;11249869000;16817833000;3573677000;2699549000;11422950000;12795466000;21840754000;34636220000;17818387000;1335136000;8501424000;-6726936000;1774488000;-1126508000;647980000;-565471000;11586000.0;82509000;94095000;0;0;607283407;607283407;0;2024;3
2.0;1.0;92.690.783/0001-09;82103769000;2024.3T;82103769000;33069925000;8287186000;757578000;9044764000;5673760000;15914442000;49033844000;11031727000;15296064000;26327791000;17283027000;55775978000;17378032000;-14801417000;2576615000;-459271000;2117344000;-313615000;-443478000.0;1803729000;1360251000;0;0;993705804;365111201;628594603;2024;3
2.0;1.0;89.637.490/0001-45;58988786000;2024.3T;58988786000;14191442000;6668718000;829236000;7497954000;2379802000;3306271000;44797344000;6170064000;40873114000;47043178000;39545224000;11945608000;4998729000;-3059452000;1939277000;-719098000;1220179000;-403009000;-88097000.0;817170000;729073000;0;0;6179682031;2289901455;3889780576;2024;3
1.0;1.0;02.429.144/0001-93;75535043000;2024.3T;75535043000;16673030000;2331675000;1488469000;3820144000;6188779000;159692000;58862013000;15061543000;39010970000;54072513000;50252369000;21462530000;10854452000;-7681520000;3172932000;-604437000;2568495000;-742511000;-494153000.0;1825984000;1331831000;0;0;1152254440;1152254440;0;2024;3
2.0;1.0;04.423.567/0001-21;47339741000;2024.3T;47339741000;7179946000;2123146000;0;2123146000;1433249000;863309000;40159795000;5817697000;25297420000;31115117000;28991971000;16224624000;2581226000;-1611585000;969641000;-215971000;753670000;-477761000;-30486000.0;275909000;245423000;0;0;1932591767;1932591767;0;2024;3
1.0;1.0;89.096.457/0001-55;16798717000;2024.3T;16798717000;7923959000;1731080000;0;1731080000;570414000;4821035000;8874758000;4631468000;6948996000;11580464000;9849384000;5218253000;1651825000;-1372738000;279087000;-206132000;72955000;-211046000;120809000.0;-138091000;-17282000;0;0;443329716;443329716;0;2024;3
2.0;1.0;16.670.085/0001-55;82593685000;2024.3T;82593685000;19687842000;1489650000;10036604000;11526254000;3675498000;0;62905843000;17954853000;38990772000;56945625000;45419371000;25648060000;9683367000;-6922349000;2761018000;-728198000;2032820000;-1044743000;-175965000.0;988077000;812112000;0;0;1082620720;1082620720;0;2024;3
1.0;1.0;60.894.730/0001-05;39432125000;2024.3T;39432125000;17006026000;5159725000;738808000;5898533000;3051724000;7237252000;22426099000;4573681000;8235058000;12808739000;6910206000;26623386000;6817102000;-6403416000;413686000;-262512000;151174000;55828000;-22377000.0;207002000;184625000;0;0;1253079108;705260684;547818424;2024;3
1.0;1.0;02.387.241/0001-60;49813935000;2024.3T;49813935000;11630021000;7171913000;0;7171913000;673264000;264534000;38183914000;5931198000;28694947000;34626145000;27454232000;15187790000;3752263000;-1886183000;1866080000;-324100000;1541980000;-574871000;-282656000.0;967109000;684453000;0;0;1854868949;1854868949;0;2024;3
1.0;1.0;17.155.730/0001-64;63006898000;2024.3T;63006898000;16272739000;3660787000;2960449000;6621236000;5257263000;0;46734159000;15595521000;19345994000;34941515000;28320279000;28065383000;10148885000;-8490514000;1658371000;2953794000;4612165000;-61545000;-1270423000.0;4550620000;3280197000;0;0;2861781895;956601911;1905179984;2024;3
2.0;1.0;42.150.391/0001-70;92650000000;2024.3T;92650000000;34266000000;11919000000;2418000000;14337000000;4288000000;13948000000;58384000000;26754000000;67389000000;94143000000;79806000000;-1493000000;21264000000;-19015000000;2249000000;-1230000000;1019000000;-2332000000;444000000.0;-1313000000;-869000000;0;0;797207834;451668652;345539182;2024;3
1.0;1.0;33.042.730/0001-04;99758272000;2025.1T;99758272000;35568495000;19787406000;963730000;20751136000;2511099000;9923125000;64189777000;21729319000;61768891000;83498210000;62747074000;16260062000;10907629000;-8375386000;2532243000;-1644606000;887637000;-1850347000;231130000.0;-962710000;-731580000;0;0;1326093947;1326093947;0;2025;1
1.0;1.0;07.859.971/0001-30;21030240000;2025.1T;21030240000;3119982000;209741000;592879000;802620000;271873000;0;17910258000;1684105000;12048193000;13732298000;12929678000;7297942000;982893000;-324230000;658663000;108714000;767377000;-344291000;-57925000.0;423086000;365161000;0;0;1033496721;590714069;442782652;2025;1
1.0;1.0;53.113.791/0001-22;8685594000;2025.1T;8685594000;2921709000;1943040000;0;1943040000;641103000;0;5763885000;1158394000;2415702000;3574096000;1631056000;5111498000;1461903000;-431862000;1030041000;-752133000;277908000;-19352000;-58112000.0;258556000;200595000;0;82026000;599401581;599401581;0;2025;1
1.0;1.0;33.256.439/0001-39;37754597000;2025.1T;37754597000;14574123000;1436088000;1301330000;2737418000;4374253000;4134837000;23180474000;8299316000;13564875000;21864191000;19126773000;15890406000;33329262000;-31187631000;2141631000;-1350609000;791022000;-179969000;-247869000.0;611053000;363184000;0;0;1115507182;1115507182;0;2025;1
1.0;1.0;50.746.577/0001-15;127486217000;2025.1T;127486217000;28053101000;14809083000;0;14809083000;4173514000;2041453000;99433116000;13140124000;79575115000;92715239000;77906156000;34770978000;9662601000;-6791905000;2870696000;-1856564000;1014132000;-1902995000;-1046535000.0;-888863000;-1935398000;375782000;0;1866570932;1866570932;0;2025;1
1.0;1.0;16.404.287/0001-55;155244885000;2025.1T;155244885000;34479115000;9914505000;6516323000;16430828000;6354237000;8642882000;120765770000;13189891000;103519348000;116709239000;100278411000;38535646000;11552921000;-7729167000;3823754000;-1564719000;2259035000;7696213000;-3607070000.0;9955248000;6348178000;0;0;1264117615;1264117615;0;2025;1
1.0;1.0;09.346.601/0001-25;46292029000;2025.1T;46292029000;16116282000;1347701000;13171383000;14519084000;510662000;0;30175747000;7569882000;19914851000;27484733000;12965649000;18807296000;2657156000;-269202000;2387954000;-828727000;1559227000;15617000;-468721000.0;1574844000;1106123000;0;327500000;5266500000;5266500000;0;2025;1
2.0;1.0;07.689.002/0001-89;67164304000;2025.1T;67164304000;35959203000;4668508000;3128251000;7796759000;1524098000;20024723000;31205101000;27221930000;20031739000;47253669000;39456910000;19910635000;6405270000;-5302503000;1102767000;-806900000;295867000;-437810000;612838000.0;-141943000;470895000;0;0;740465044;740465044;0;2025;1
2.0;1.0;00.001.180/0001-26;282016140000;2025.1T;282016140000;57375976000;23235009000;7617041000;30852050000;5323884000;446282000;224640164000;25059169000;135379289000;160438458000;129586408000;121577682000;10414179000;-5607757000;4806422000;-1601123000;3205299000;-3493976000;-64937000.0;-288677000;-353614000;0;0;2308632600;2028544286;280088314;2025;1
1.0;1.0;61.079.117/0001-05;6381470000;2025.1T;6381470000;3126144000;1098646000;0;1098646000;940957000;778901000;3255326000;1442929000;886119000;2329048000;1230402000;4052422000;1092486000;-532002000;560484000;-435422000;125062000;-20773000;8131000.0;104289000;112420000;0;0;683062222;339510689;343551533;2025;1
1.0;1.0;84.429.695/0001-11;39323514000;2025.1T;39323514000;25120512000;4989220000;668454000;5657674000;7227394000;10220722000;14203002000;14715666000;2379060000;17094726000;11437052000;22228788000;10078571000;-6762551000;3316020000;-1372633000;1943387000;40103000;-346310000.0;1983490000;1637180000;0;338616000;4197317998;4197317998;0;2025;1
1.0;1.0;08.807.432/0001-10;9836015000;2025.1T;9836015000;2408292000;586431000;345751000;932182000;1158550000;0;7427723000;1768997000;4948956000;6717953000;5785771000;3118062000;1487132000;-518473000;968659000;-672825000;295834000;-187740000;20581000.0;108094000;128675000;0;0;274088851;274088851;0;2025;1
1.0;1.0;97.837.181/0001-47;17981843000;2025.1T;17981843000;4807342000;1120677000;367635000;1488312000;1242718000;1698176000;13174501000;3499594000;7376914000;10876508000;9388196000;7105335000;1902545000;-1456590000;445955000;-246327000;199628000;-194355000;53344000.0;5273000;58617000;0;0;820566246;820566246;0;2025;1
1.0;1.0;00.864.214/0001-06;78311361000;2025.1T;78311361000;18160049000;985029000;7599588000;8584617000;4490460000;147270000;60151312000;13150002000;42332347000;55482349000;46897732000;22829012000;8409616000;-5916593000;2493023000;-581416000;1911607000;-613885000;-271007000.0;1297722000;1026715000;0;0;2289424663;887231247;1402193416;2025;1
1.0;1.0;03.220.438/0001-73;115721235000;2025.1T;115721235000;26294549000;1560654000;8940759000;10501413000;13020323000;193765000;89426686000;21139209000;63849617000;84988826000;74487413000;30732409000;11709093000;-8238723000;3470370000;-1070975000;2399395000;-1454510000;-238604000.0;944885000;706281000;0;0;1254548088;1254548088;0;2025;1
1.0;1.0;10.629.105/0001-68;54789865000;2025.1T;54789865000;8294219000;4162326000;0;4162326000;1762409000;1173067000;46495646000;2597087000;25589613000;28186700000;24024374000;26603165000;4440809000;-3039886000;1400923000;-334565000;1066358000;-481631000;1487932000.0;584727000;2072659000;0;0;896346173;896346173;0;2025;1
1.0;1.0;02.800.026/0001-40;24203940000;2025.1T;24203940000;4711693000;14901000;1406804000;1421705000;2400099000;451254000;19492247000;3407861000;7202560000;10610421000;9188716000;13593519000;1627628000;-443330000;1184298000;-882508000;301790000;-177555000;-29987000.0;124235000;94248000;0;0;1876606210;1876606210;0;2025;1
1.0;1.0;33.611.500/0001-19;85576170000;2025.1T;85576170000;32193864000;6479544000;390335000;6869879000;6252231000;16558443000;53382306000;12193027000;17163693000;29356720000;22486841000;56219450000;17375336000;-15428783000;1946553000;-560647000;1385906000;-307888000;-320214000.0;1078018000;757804000;0;0;2028194949;718346219;1309848730;2025;1
1.0;1.0;02.558.157/0001-62;126605065000;2025.1T;126605065000;25797480000;8185114000;0;8185114000;9656624000;1209673000;100807585000;26757842000;31702897000;58460739000;50275625000;68144326000;14390273000;-8035882000;6354391000;-4369423000;1984968000;-569198000;-359500000.0;1415770000;1056270000;0;380000000;3261287392;3261287392;0;2025;1
1.0;1.0;60.840.055/0001-31;13270727000;2025.1T;13270727000;4663230000;7536000;2453023000;2460559000;1789124000;155496000;8607497000;2034615000;5915889000;7950504000;5489945000;5320223000;2015073000;-1442955000;572118000;-238905000;333213000;-103370000;-54013000.0;229843000;175830000;0;254054000;547191026;547191026;0;2025;1
1.0;1.0;08.312.229/0001-73;6960771000;2025.1T;6960771000;3042390000;62119000;1114919000;1177038000;463346000;1370338000;3918381000;394743000;1583143000;1977886000;800848000;4982885000;311247000;-187918000;123329000;-54571000;68758000;36395000;-8232000.0;105153000;96921000;0;0;220989103;220989103;0;2025;1
1.0;1.0;07.526.557/0001-00;147298979000;2025.1T;147298979000;43550960000;19118354000;1191907000;20310261000;5631219000;12247883000;103748019000;39343473000;12479612000;51823085000;31512824000;95475894000;22497378000;-10945732000;11551646000;-5838919000;5712727000;-856382000;-1051696000.0;4856345000;3804649000;2014849000;0;15761638756;15761638756;0;2025;1
2.0;1.0;33.000.167/0001-01;1147716000000;2025.1T;1147716000000;124853000000;26960000000;17078000000;44038000000;17623000000;42779000000;1022863000000;173828000000;576285000000;750113000000;706075000000;397603000000;123144000000;-62435000000;60709000000;-17669000000;43040000000;10595000000;-18304000000.0;53635000000;35331000000;112000000;0;12888732761;7442231382;5446501379;2025;1
1.0;1.0;67.620.377/0001-14;40181432000;2025.1T;40181432000;22847586000;7046301000;4827752000;11874053000;4217293000;4820623000;17333846000;15436134000;24809077000;40245211000;28371158000;-63779000;11196151000;-9120721000;2075430000;-1355106000;720324000;-508948000;-26388000.0;211376000;184988000;0;0;607283407;607283407;0;2025;1
1.0;1.0;92.690.783/0001-09;85631889000;2025.1T;85631889000;32249079000;6497048000;390335000;6887383000;6252231000;16558443000;53382810000;12195918000;17163724000;29359642000;22472259000;56272247000;17375336000;-15428783000;1946553000;-564401000;1382152000;-306032000;-320214000.0;1076120000;755906000;0;0;993705804;365111201;628594603;2025;1
1.0;1.0;89.637.490/0001-45;57473164000;2025.1T;57473164000;12994752000;5671194000;799107000;6470301000;1724715000;3421825000;44478412000;6631901000;39533005000;46164906000;39694605000;11308258000;4858534000;-3223998000;1634536000;-707886000;926650000;-158435000;-321716000.0;768215000;446499000;54000000;0;6179682031;2289901455;3889780576;2025;1
1.0;1.0;02.429.144/0001-93;78709730000;2025.1T;78709730000;17316554000;1932805000;2115341000;4048146000;6278095000;220256000;61393176000;17565596000;37774260000;55339856000;51291710000;23369874000;10655220000;-6740338000;3914882000;-653276000;3261606000;-869265000;-776949000.0;2392341000;1615392000;5406000;0;1152254440;1152254440;0;2025;1
1.0;1.0;04.423.567/0001-21;54578563000;2025.1T;54578563000;10834561000;3636011000;1129795000;4765806000;1835355000;920878000;43744002000;7099452000;26951632000;34051084000;29285278000;20527479000;4423556000;-3102001000;1321555000;-348681000;972874000;-253297000;-250718000.0;719577000;468859000;0;0;1932591767;1932591767;0;2025;1
2.0;1.0;89.096.457/0001-55;17469088000;2025.1T;17469088000;7722953000;1253397000;0;1253397000;604231000;3432558000;9746135000;5375518000;6998807000;12374325000;11120928000;5094763000;2834672000;-1758617000;1076055000;-210007000;866048000;-132208000;-223140000.0;733840000;510700000;73000;0;443329716;443329716;0;2025;1
1.0;1.0;16.670.085/0001-55;80956256000;2025.1T;80956256000;17543980000;1919431000;6250149000;8169580000;3900146000;0;63412276000;12273539000;42242331000;54515870000;46346290000;26440386000;10139283000;-7268161000;2871122000;-807138000;2063984000;-1069677000;-151854000.0;994307000;842453000;0;480916000;1082620720;1082620720;0;2025;1
1.0;1.0;60.894.730/0001-05;40744288000;2025.1T;40744288000;18339739000;5780479000;775900000;6556379000;3557322000;7319844000;22404549000;4301263000;9428179000;13729442000;7173063000;27014846000;6857744000;-6084949000;772795000;-334352000;438443000;20276000;-121720000.0;458719000;336999000;0;0;1253079108;705260684;547818424;2025;1
1.0;1.0;02.387.241/0001-60;51422656000;2025.1T;51422656000;10724155000;7853486000;0;7853486000;739366000;328152000;40698501000;5631325000;30985986000;36617311000;28763825000;14805345000;2966750000;-1683562000;1283188000;-490384000;792804000;-767659000;-122321000.0;25145000;-97176000;0;0;1854868949;1854868949;0;2025;1
1.0;1.0;17.155.730/0001-64;63901931000;2025.1T;63901931000;15471501000;3244030000;1456430000;4700460000;5593729000;0;48430430000;14603289000;21378402000;35981691000;31281231000;27920240000;9844231000;-8003565000;1840666000;-377269000;1463397000;-249631000;-175026000.0;1213766000;1038740000;0;541006000;2861781895;956601911;1905179984;2025;1
2.0;1.0;42.150.391/0001-70;95422000000;2025.1T;95422000000;34101000000;11317000000;1712000000;13029000000;4473000000;14412000000;61321000000;25901000000;73316000000;99217000000;86188000000;-3795000000;19460000000;-18150000000;1310000000;-1211000000;99000000;717000000;-184000000.0;816000000;632000000;0;0;797207834;451668652;345539182;2025;1
1.0;1.0;33.042.730/0001-04;101070743000;2025.2T;101070743000;34699821000;18305208000;851397000;19156605000;2437043000;10355385000;66370922000;25738266000;58479237000;84217503000;65060898000;16853240000;10693286000;-7967187000;2726099000;-1083343000;1642756000;-1900239000;127114000.0;-257483000;-130369000;0;0;1326093947;1326093947;0;2025;2
1.0;1.0;07.859.971/0001-30;21504866000;2025.2T;21504866000;3198267000;432835000;464048000;896883000;257427000;0;18306599000;2585882000;11306616000;13892498000;12995615000;7612368000;1261828000;-545296000;716532000;56146000;772678000;-227149000;-35510000.0;545529000;510019000;0;0;1033496721;590714069;442782652;2025;2
1.0;1.0;53.113.791/0001-22;8962553000;2025.2T;8962553000;3169357000;2094240000;0;2094240000;666368000;0;5793196000;1343319000;2403981000;3747300000;1653060000;5215253000;1488068000;-458613000;1029455000;-767457000;261998000;-19131000;-48080000.0;242867000;195087000;0;0;599401581;599401581;0;2025;2
1.0;1.0;33.256.439/0001-39;45608193000;2025.2T;45608193000;16857052000;2897418000;1088104000;3985522000;4585685000;4038595000;28751141000;9279761000;17932663000;27212424000;23226902000;18395769000;34055043000;-31907336000;2147707000;-590336000;1557371000;-31413000;-354036000.0;1525958000;1150532000;0;0;1115507182;1115507182;0;2025;2
1.0;1.0;50.746.577/0001-15;126036274000;2025.2T;126036274000;26882697000;13527889000;0;13527889000;3951961000;2104814000;99153577000;14716012000;78215846000;92931858000;79403969000;33104416000;10477652000;-6881505000;3596147000;-1758735000;1837412000;-1802887000;-602622000.0;34525000;-568097000;0;0;1866570932;1866570932;0;2025;2
1.0;1.0;16.404.287/0001-55;159422893000;2025.2T;159422893000;39909114000;12283589000;8087850000;20371439000;7287028000;8619236000;119513779000;12616956000;103534632000;116151588000;95780149000;43271305000;13295895000;-8608124000;4687771000;-1812627000;2875144000;4424965000;-2288156000.0;7300109000;5011953000;0;0;1264117615;1264117615;0;2025;2
1.0;1.0;09.346.601/0001-25;47031043000;2025.2T;47031043000;16426800000;1413772000;13207721000;14621493000;520151000;0;30604243000;6270560000;21010257000;27280817000;12659324000;19750226000;2745796000;-203500000;2542296000;-843688000;1698608000;135726000;-507353000.0;1834334000;1326981000;0;0;5266500000;5266500000;0;2025;2
2.0;1.0;07.689.002/0001-89;65886626000;2025.2T;65886626000;35566816000;3568864000;3293752000;6862616000;1978550000;19531959000;30319810000;26795953000;19402591000;46198544000;39335928000;19688082000;10270363000;-8272082000;1998281000;-980920000;1017361000;-738007000;118124000.0;279354000;397478000;0;0;740465044;740465044;0;2025;2
2.0;1.0;00.001.180/0001-26;274960124000;2025.2T;274960124000;49985173000;22980254000;6856889000;29837143000;5234155000;393237000;224974951000;26812392000;129392910000;156205302000;126368159000;118754822000;10198955000;-5335454000;4863501000;-4736167000;127334000;-2554807000;1102368000.0;-2427473000;-1325105000;0;0;2308632600;2028544286;280088314;2025;2
1.0;1.0;61.079.117/0001-05;6194674000;2025.2T;6194674000;3031060000;864577000;0;864577000;988283000;868829000;3163614000;1346981000;714218000;2061199000;1196622000;4133475000;1101360000;-498571000;602789000;-484220000;118569000;-15350000;-16263000.0;103219000;86956000;0;0;683062222;339510689;343551533;2025;2
1.0;1.0;84.429.695/0001-11;39836839000;2025.2T;39836839000;25299344000;4983527000;685070000;5668597000;7328719000;10076991000;14537495000;14256179000;2432538000;16688717000;11020120000;23148122000;10207227000;-6771646000;3435581000;-1413639000;2021942000;7492000;-336772000.0;2029434000;1692662000;0;0;4197317998;4197317998;0;2025;2
1.0;1.0;08.807.432/0001-10;9549663000;2025.2T;9549663000;2244908000;490765000;302123000;792888000;1187966000;0;7304755000;1747347000;4747589000;6494936000;5702048000;3054727000;1378252000;-579855000;798397000;-626638000;171759000;-187915000;19265000.0;-16156000;3109000;0;0;274088851;274088851;0;2025;2
1.0;1.0;97.837.181/0001-47;17988546000;2025.2T;17988546000;4911424000;861948000;599553000;1461501000;1232405000;1797832000;13077122000;4016635000;6924430000;10941065000;9479564000;7047481000;2121662000;-1634668000;486994000;-291609000;195385000;-198616000;41756000.0;-3231000;38525000;0;0;820566246;820566246;0;2025;2
1.0;1.0;00.864.214/0001-06;79416800000;2025.2T;79416800000;17857182000;1254643000;7462971000;8717614000;4258715000;155165000;61559618000;14516463000;41991242000;56507705000;47790091000;22909095000;8563865000;-6378043000;2185822000;-509083000;1676739000;-1062415000;-124563000.0;614324000;489761000;0;0;2289424663;887231247;1402193416;2025;2
1.0;1.0;03.220.438/0001-73;116701444000;2025.2T;116701444000;25128826000;2114164000;7294013000;9408177000;12710977000;234133000;91572618000;20219188000;64369953000;84589141000;75180964000;32112303000;12795327000;-9410950000;3384377000;-419378000;2964999000;-1424147000;-251217000.0;1540852000;1289635000;0;0;1254548088;1254548088;0;2025;2
1.0;1.0;10.629.105/0001-68;55437714000;2025.2T;55437714000;9062136000;4759556000;0;4759556000;1372885000;1540781000;46375578000;5898957000;23357869000;29256826000;24497270000;26180888000;3327790000;-2813218000;514572000;-436875000;77697000;-504544000;1107521000.0;-426847000;680674000;0;0;896346173;896346173;0;2025;2
1.0;1.0;02.800.026/0001-40;23649420000;2025.2T;23649420000;4264420000;61534000;882753000;944287000;2378969000;487878000;19385000000;2782377000;7165361000;9947738000;9003451000;13701682000;1664600000;-523535000;1141065000;-841009000;300056000;-191977000;-2182000.0;108079000;105897000;0;0;1876606210;1876606210;0;2025;2
1.0;1.0;33.611.500/0001-19;86854070000;2025.2T;86854070000;33306852000;8500933000;472917000;8973850000;5799331000;16042458000;53547218000;11521998000;20207865000;31729863000;22756013000;55124207000;17525750000;-15495203000;2030547000;-545210000;1485337000;-334739000;-286101000.0;1150598000;864497000;0;0;2028194949;718346219;1309848730;2025;2
1.0;1.0;02.558.157/0001-62;126475682000;2025.2T;126475682000;26337387000;9454104000;0;9454104000;9306170000;991821000;100138295000;26804159000;31532104000;58336263000;48882159000;68139419000;14645092000;-8026377000;6618715000;-4374160000;2244555000;-689105000;-216645000.0;1555450000;1338805000;0;0;3261287392;3261287392;0;2025;2
1.0;1.0;60.840.055/0001-31;13072446000;2025.2T;13072446000;4368087000;7432000;2077180000;2084612000;1859620000;149579000;8704359000;1742951000;5858975000;7601926000;5517314000;5470520000;2024533000;-1496555000;527978000;-221067000;306911000;-117957000;-44404000.0;188954000;144550000;0;0;547191026;547191026;0;2025;2
1.0;1.0;08.312.229/0001-73;7031122000;2025.2T;7031122000;3134468000;52000000;1141769000;1193769000;579107000;1333286000;3896654000;334446000;1593357000;1927803000;734034000;5103319000;449254000;-266271000;182983000;-61493000;121490000;34006000;-10938000.0;155496000;144558000;0;0;220989103;220989103;0;2025;2
1.0;1.0;07.526.557/0001-00;142157543000;2025.2T;142157543000;40791956000;16404025000;1120553000;17524578000;5086848000;11351630000;101365587000;36872239000;12074347000;48946586000;31422008000;93210957000;20090194000;-10046123000;10044071000;-5650410000;4393661000;-973985000;-629110000.0;3419676000;2790566000;0;0;15761638756;15761638756;0;2025;2
2.0;1.0;33.000.167/0001-01;1174890000000;2025.2T;1174890000000;135859000000;38177000000;13670000000;51847000000;18474000000;44927000000;1039031000000;179180000000;593928000000;773108000000;721261000000;401782000000;119128000000;-62449000000;56679000000;-26211000000;30468000000;5572000000;-9266000000.0;36040000000;26774000000;0;0;12888732761;7442231382;5446501379;2025;2
1.0;1.0;67.620.377/0001-14;44477422000;2025.2T;44477422000;27410025000;7689833000;4858123000;12547956000;6760978000;5800386000;17067397000;20459264000;21987121000;42446385000;29898429000;2031037000;13917915000;-11472782000;2445133000;-1386303000;1058830000;-597459000;-3101000.0;461371000;458270000;0;0;607283407;607283407;0;2025;2
1.0;1.0;92.690.783/0001-09;86914266000;2025.2T;86914266000;33366538000;8514872000;472917000;8987789000;5799331000;16042458000;53547728000;11533714000;20207895000;31741609000;22753820000;55172657000;17525750000;-15495203000;2030547000;-548555000;1481992000;-333161000;-286101000.0;1148831000;862730000;0;0;993705804;365111201;628594603;2025;2
1.0;1.0;89.637.490/0001-45;60335243000;2025.2T;60335243000;15144906000;7302249000;780504000;8082753000;1888215000;3749978000;45190337000;7169128000;39777407000;46946535000;38863782000;13388708000;5247202000;-3097745000;2149457000;-863297000;1286160000;-565619000;-135212000.0;720541000;585329000;0;0;6179682031;2289901455;3889780576;2025;2
1.0;1.0;02.429.144/0001-93;79238240000;2025.2T;79238240000;16105849000;2198935000;2011719000;4210654000;5588077000;229627000;63132391000;18372711000;38427870000;56800581000;52589927000;22437659000;10549126000;-7372472000;3176654000;-751396000;2425258000;-666545000;-572911000.0;1758713000;1185802000;0;0;1152254440;1152254440;0;2025;2
1.0;1.0;04.423.567/0001-21;53385056000;2025.2T;53385056000;8955822000;2995425000;860372000;3855797000;1714867000;905723000;44429234000;6299459000;26127177000;32426636000;28570839000;20958420000;3513980000;-2175458000;1338522000;-331980000;1006542000;-251784000;-268809000.0;754758000;485949000;0;0;1932591767;1932591767;0;2025;2
2.0;1.0;89.096.457/0001-55;17610712000;2025.2T;17610712000;7720453000;1149612000;0;1149612000;600542000;2748072000;9890259000;4464715000;7892350000;12357065000;11207453000;5253647000;2254859000;-1598832000;656027000;-202741000;453286000;-275272000;-38177000.0;178014000;139837000;0;0;443329716;443329716;0;2025;2
1.0;1.0;16.670.085/0001-55;81318753000;2025.2T;81318753000;17427494000;1952985000;6296264000;8249249000;3717456000;0;63891259000;13096069000;42729166000;55825235000;47575986000;25493518000;9900107000;-7062702000;2837405000;-816982000;2020423000;-1125758000;-1063240000.0;894665000;-168575000;0;0;1082620720;1082620720;0;2025;2
1.0;1.0;60.894.730/0001-05;40655884000;2025.2T;40655884000;18064823000;5952963000;790998000;6743961000;3250991000;7167725000;22591061000;4343969000;9162787000;13506756000;6762795000;27149128000;6626381000;-6133190000;493191000;-359613000;133578000;-56023000;50068000.0;77555000;127623000;0;0;1253079108;705260684;547818424;2025;2
1.0;1.0;02.387.241/0001-60;50595277000;2025.2T;50595277000;8862415000;6091529000;0;6091529000;715718000;300575000;41732862000;5470595000;31513562000;36984157000;30892628000;13611120000;3711393000;-1885859000;1825534000;-513699000;1311835000;-698417000;-280161000.0;613418000;333257000;0;0;1854868949;1854868949;0;2025;2
1.0;1.0;17.155.730/0001-64;63411229000;2025.2T;63411229000;13612195000;1757787000;1221070000;2978857000;5715249000;0;49799034000;13673082000;21259287000;34932369000;31953512000;28478860000;10786295000;-8636162000;2150133000;-509083000;1641050000;-262960000;-189809000.0;1378090000;1188281000;0;0;2861781895;956601911;1905179984;2025;2
2.0;1.0;42.150.391/0001-70;91303000000;2025.2T;91303000000;30743000000;9183000000;1121000000;10304000000;4591000000;13496000000;60560000000;25471000000;69090000000;94561000000;84257000000;-3258000000;17857000000;-17495000000;362000000;-864000000;-502000000;-28000000;140000000.0;-530000000;-390000000;0;0;797207834;451668652;345539182;2025;2
1.0;1.0;33.042.730/0001-04;100825592000;2025.3T;100825592000;32836649000;16526099000;914077000;17440176000;2706484000;10265297000;67988943000;24821214000;58649011000;83470225000;66030049000;17355367000;11793868000;-8326618000;3467250000;-1743821000;1723429000;-1442833000;-204158000.0;280596000;76438000;0;0;1326093947;1326093947;0;2025;3
1.0;1.0;07.859.971/0001-30;21812048000;2025.3T;21812048000;3387108000;609905000;463299000;1073204000;325605000;0;18424940000;2029621000;12137088000;14166709000;13093505000;7645339000;1180557000;-641375000;539182000;-6638000;532544000;-226996000;35058000.0;305548000;340606000;0;0;1033496721;590714069;442782652;2025;3
1.0;1.0;53.113.791/0001-22;9219852000;2025.3T;9219852000;3145240000;2005729000;0;2005729000;668614000;0;6074612000;1339676000;2473094000;3812770000;1807041000;5407082000;1562427000;-463870000;1098557000;-786854000;311703000;-1014000;-59740000.0;310689000;251542000;0;0;599401581;599401581;0;2025;3
1.0;1.0;33.256.439/0001-39;45564670000;2025.3T;45564670000;16297032000;2534050000;1489624000;4023674000;4501631000;3824082000;29267638000;8909887000;17988197000;26898084000;22874410000;18666586000;37033855000;-34556279000;2477576000;-1044631000;1432945000;-401028000;-257412000.0;1031917000;772405000;0;0;1115507182;1115507182;0;2025;3
1.0;1.0;50.746.577/0001-15;125738697000;2025.3T;125738697000;26885591000;12898403000;0;12898403000;3844066000;2112281000;98853106000;14973773000;78710933000;93684706000;80786303000;32053991000;10664185000;-6936477000;3727708000;-2014697000;1713011000;-2180157000;-367283000.0;-467146000;-834429000;0;0;1866570932;1866570932;0;2025;3
1.0;1.0;16.404.287/0001-55;164416918000;2025.3T;164416918000;42575229000;15838866000;7734686000;23573552000;6129481000;8955941000;121841689000;13320581000;105837912000;119158493000;95584941000;45258425000;12153145000;-8453761000;3699384000;-1729849000;1969535000;1051781000;-1059929000.0;3021316000;1961387000;0;0;1264117615;1264117615;0;2025;3
1.0;1.0;09.346.601/0001-25;47335545000;2025.3T;47335545000;17207699000;1603998000;14083599000;15687597000;572754000;0;30127846000;6563649000;20974400000;27538049000;11850452000;19797496000;2766881000;-280932000;2485949000;-839894000;1646055000;61359000;-461500000.0;1707414000;1245914000;0;0;5266500000;5266500000;0;2025;3
2.0;1.0;07.689.002/0001-89;66844714000;2025.3T;66844714000;36550604000;5666642000;3720620000;9387262000;1258786000;19388849000;30294110000;25514131000;20296138000;45810269000;36423007000;21034445000;10866683000;-8998849000;1867834000;-1007965000;859869000;-288083000;116336000.0;571786000;688122000;0;0;740465044;740465044;0;2025;3
2.0;1.0;00.001.180/0001-26;266502447000;2025.3T;266502447000;52374181000;18501361000;9754362000;28255723000;5424445000;389921000;214128266000;27308041000;129854004000;157162045000;128906322000;109340402000;10002503000;-5920366000;4082137000;-6732758000;-2650621000;-2571309000;-226187000.0;-5221930000;-5448117000;0;0;2308632600;2028544286;280088314;2025;3
1.0;1.0;61.079.117/0001-05;6236192000;2025.3T;6236192000;3129477000;1041074000;0;1041074000;961091000;802792000;3106715000;1302698000;632442000;1935140000;894066000;4301052000;1115800000;-530085000;585715000;-395708000;190007000;-9801000;-8907000.0;180206000;171299000;0;0;683062222;339510689;343551533;2025;3
1.0;1.0;84.429.695/0001-11;41494475000;2025.3T;41494475000;26776141000;6416587000;918724000;7335311000;7306408000;9991563000;14718334000;15054797000;3023109000;18077906000;10742595000;23416569000;10271522000;-6822974000;3448548000;-1411703000;2036845000;33468000;-325559000.0;2070313000;1744754000;0;0;4197317998;4197317998;0;2025;3
1.0;1.0;08.807.432/0001-10;9712518000;2025.3T;9712518000;2417178000;625153000;430817000;1055970000;1096682000;0;7295340000;2050130000;4503855000;6553985000;5498015000;3158533000;1351635000;-540117000;811518000;-554452000;257066000;-172536000;13390000.0;84530000;97920000;0;0;274088851;274088851;0;2025;3
1.0;1.0;97.837.181/0001-47;18023149000;2025.3T;18023149000;5341161000;1202693000;303963000;1506656000;1231408000;1920602000;12681988000;4028803000;7004444000;11033247000;9526591000;6989902000;2128016000;-1637886000;490130000;-295408000;194722000;-213007000;32477000.0;-18285000;14192000;0;0;820566246;820566246;0;2025;3
1.0;1.0;00.864.214/0001-06;82858461000;2025.3T;82858461000;19805340000;1154133000;8340637000;9494770000;4664418000;159439000;63053121000;14255596000;45967427000;60223023000;50728253000;22635438000;9181985000;-7015605000;2166380000;-482447000;1683933000;-784107000;-251396000.0;899826000;648430000;0;0;2289424663;887231247;1402193416;2025;3
1.0;1.0;03.220.438/0001-73;126167097000;2025.3T;126167097000;32667372000;4861502000;10334774000;15196276000;14510179000;244547000;93499725000;20859413000;72511182000;93370595000;78174319000;32796502000;14145096000;-10658422000;3486674000;-1094960000;2391714000;-1573598000;-208311000.0;818116000;609805000;0;0;1254548088;1254548088;0;2025;3
1.0;1.0;10.629.105/0001-68;59729709000;2025.3T;59729709000;13636387000;9411970000;0;9411970000;1702199000;1292547000;46093322000;6181008000;27601708000;33782716000;24370746000;25946993000;3563082000;-2730463000;832619000;-230522000;602097000;-758847000;505455000.0;-156750000;348705000;0;0;896346173;896346173;0;2025;3
1.0;1.0;02.800.026/0001-40;23822533000;2025.3T;23822533000;4324426000;20121000;1256921000;1277042000;2078082000;544446000;19498107000;2385907000;7550827000;9936734000;8659692000;13885799000;1523369000;-475670000;1047699000;-849330000;198369000;-186166000;165754000.0;12203000;177957000;0;0;1876606210;1876606210;0;2025;3
1.0;1.0;33.611.500/0001-19;87255733000;2025.3T;87255733000;33400217000;9389572000;484010000;9873582000;5878387000;15272440000;53855516000;12353460000;20164237000;32517697000;22644115000;54738036000;17983143000;-15841051000;2142092000;-483343000;1658749000;-222785000;-346084000.0;1435964000;1089880000;0;0;2028194949;718346219;1309848730;2025;3
1.0;1.0;02.558.157/0001-62;123899419000;2025.3T;123899419000;24248764000;6796561000;0;6796561000;10045839000;1256004000;99650655000;23879394000;31519621000;55399015000;48602454000;68500404000;14949056000;-8144162000;6804894000;-4036241000;2768653000;-666386000;-215047000.0;2102267000;1887220000;0;0;3261287392;3261287392;0;2025;3
1.0;1.0;60.840.055/0001-31;13584226000;2025.3T;13584226000;4864095000;11689000;2500949000;2512638000;1911173000;154975000;8720131000;2201101000;5900453000;8101554000;5588916000;5482672000;2190979000;-1575129000;615850000;-249467000;366383000;-130230000;-53905000.0;236153000;182248000;0;0;547191026;547191026;0;2025;3
1.0;1.0;08.312.229/0001-73;7008353000;2025.3T;7008353000;2960185000;72150000;1161031000;1233181000;476146000;1197367000;4048168000;522900000;1264902000;1787802000;554621000;5220551000;469356000;-259678000;209678000;-45005000;164673000;38486000;-17145000.0;203159000;186014000;0;0;220989103;220989103;0;2025;3
1.0;1.0;07.526.557/0001-00;140754995000;2025.3T;140754995000;41940170000;18309248000;1531673000;19840921000;5591935000;10471858000;98814825000;36577101000;11449482000;48026583000;28185662000;92728412000;20847262000;-10120005000;10727257000;-4427372000;6299885000;-1085993000;-350172000.0;5213892000;4863720000;0;0;15761638756;15761638756;0;2025;3
2.0;1.0;33.000.167/0001-01;1212038000000;2025.3T;1212038000000;149361000000;47675000000;14326000000;62001000000;21891000000;46272000000;1062677000000;182367000000;604710000000;787077000000;725076000000;424961000000;127906000000;-66789000000;61117000000;-17482000000;43635000000;1316000000;-12104000000.0;44951000000;32847000000;0;0;12888732761;7442231382;5446501379;2025;3
1.0;1.0;67.620.377/0001-14;45345889000;2025.3T;45345889000;28397310000;9258445000;5634770000;14893215000;6748705000;4214627000;16948579000;21027553000;22463683000;43491236000;28598021000;1854653000;15512241000;-12955917000;2556324000;-1409852000;1146472000;-1090257000;63804000.0;56215000;120019000;0;0;607283407;607283407;0;2025;3
1.0;1.0;92.690.783/0001-09;87319904000;2025.3T;87319904000;33463871000;9411541000;484010000;9895551000;5878387000;15272440000;53856033000;12364181000;20164339000;32528520000;22632969000;54791384000;17983143000;-15841051000;2142092000;-484960000;1657132000;-221093000;-346119000.0;1436039000;1089920000;0;0;993705804;365111201;628594603;2025;3
1.0;1.0;89.637.490/0001-45;62163679000;2025.3T;62163679000;16586925000;8959471000;766211000;9725682000;2038764000;3526594000;45576754000;7831467000;39660617000;47492084000;37766402000;14671595000;5426467000;-3367811000;2058656000;-700255000;1358401000;-669772000;-210745000.0;688629000;477884000;0;0;6179682031;2289901455;3889780576;2025;3
1.0;1.0;02.429.144/0001-93;82448147000;2025.3T;82448147000;18520635000;2098038000;3792465000;5890503000;5926515000;235170000;63927512000;18418946000;40340852000;58759798000;52869295000;23688349000;11329141000;-8029149000;3299992000;-735142000;2564850000;-738174000;-450289000.0;1826676000;1376387000;0;0;1152254440;1152254440;0;2025;3
1.0;1.0;04.423.567/0001-21;54448940000;2025.3T;54448940000;9169745000;2516524000;1420817000;3937341000;2113959000;743199000;45279195000;6824632000;26306519000;33131151000;29193810000;21317789000;4428021000;-3055578000;1372443000;-309844000;1062599000;-373036000;-144867000.0;689563000;544696000;0;0;1932591767;1932591767;0;2025;3
2.0;1.0;89.096.457/0001-55;20525452000;2025.3T;20525452000;8994607000;1720578000;0;1720578000;859583000;5181966000;11530845000;5813497000;9375059000;15188556000;13467978000;5336896000;2379036000;-1756464000;622572000;-338526000;284046000;-337636000;39065000.0;-53590000;-14525000;0;0;443329716;443329716;0;2025;3
1.0;1.0;16.670.085/0001-55;83076114000;2025.3T;83076114000;20052901000;3132846000;7936510000;11069356000;3756153000;0;63023213000;13857166000;44077101000;57934267000;46864911000;25141847000;10731975000;-8595826000;2136149000;-803760000;1332389000;-1220035000;145724000.0;112354000;258078000;0;0;1082620720;1082620720;0;2025;3
1.0;1.0;60.894.730/0001-05;35309875000;2025.3T;35309875000;16354384000;5081832000;954165000;6035997000;3307415000;6089520000;18955491000;3885371000;7787177000;11672548000;5636551000;23637327000;6604238000;-6157734000;446504000;-2516357000;-2069853000;-72297000;-1361188000.0;-2142150000;-3503338000;0;0;1253079108;705260684;547818424;2025;3
1.0;1.0;02.387.241/0001-60;51603310000;2025.3T;51603310000;9099664000;5430144000;0;5430144000;715460000;306337000;42503646000;5497616000;32097897000;37595513000;32165369000;14007797000;3819265000;-1979327000;1839938000;-410955000;1428983000;-836722000;-176365000.0;592261000;415896000;0;0;1854868949;1854868949;0;2025;3
1.0;1.0;17.155.730/0001-64;64750143000;2025.3T;64750143000;13246560000;1451684000;865359000;2317043000;5651733000;0;51503583000;14883615000;21131869000;36015484000;33698441000;28734659000;10619741000;-9019116000;1600625000;-478034000;1122591000;-276062000;-49787000.0;846529000;796742000;0;0;2861781895;956601911;1905179984;2025;3
2.0;1.0;42.150.391/0001-70;87383000000;2025.3T;87383000000;26273000000;6663000000;745000000;7408000000;4184000000;12649000000;61110000000;22352000000;68204000000;90556000000;83148000000;-3173000000;17299000000;-16863000000;436000000;-2123000000;-1687000000;-904000000;2417000000.0;-2591000000;-174000000;0;0;797207834;451668652;345539182;2025;3
;;33.042.730/0001-04;79379103000;2021.4T;79379103000;34972354000;16646480000;2644732000;19291212000;2597838000;10943835000;44406749000;24541616000;31463098000;56004714000;36713502000;23374389000;10360965000;-25837475000;3754888000;-1179931000;2574957000;-460200000;-1053761000.0;2114757000;1060996000;3252566000;352848000;1387524047;1387524047;0;2021;4
;;07.859.971/0001-30;15895635000;2021.4T;15895635000;2135183000;384824000;0;384824000;212069000;0;13760452000;1417130000;7793749000;9210879000;8826055000;6684756000;716958000;-648988000;591540000;98408000;689948000;-223515000;-43355000.0;466433000;423078000;147011000;267019000;1033496721;590714069;442782652;2021;4
;;53.113.791/0001-22;9945025000;2021.4T;9945025000;5486233000;2871072000;388154000;3259226000;1983710000;0;4458792000;3319550000;2139467000;5459017000;2199791000;4486008000;920694000;-1032851000;626246000;-488119000;138127000;3915000;-16213000.0;142042000;125829000;50960000;130243000;617183181;617183181;0;2021;4
;;33.256.439/0001-39;39010357000;2021.4T;39010357000;25024181000;2280074000;1804122000;4084196000;4014160000;3918772000;13986176000;12640230000;15900887000;28541117000;24456921000;10469240000;25345378000;-104827966000;-105739000;701342000;595603000;-130283000;-140150000.0;465320000;390434000;0;0;1115151608;1115151608;0;2021;4
;;50.746.577/0001-15;97842023000;2021.4T;97842023000;27293183000;16174130000;0;16174130000;2580776000;1149304000;70548840000;12957036000;56014965000;68972001000;52797871000;28870022000;6742771000;-18568049000;1441962000;14236000;1456198000;-1122233000;755410000.0;333965000;1089375000;2025443000;0;1874070932;1874070932;0;2021;4
;;16.404.287/0001-55;118975152000;2021.4T;118975152000;34102941000;13590776000;7508275000;21099051000;6531465000;4637485000;84872211000;11551224000;92248798000;103800022000;82700971000;15175130000;11469971000;-20615588000;5776983000;-1022752000;4754231000;-2657320000;216556000.0;2096911000;2313467000;0;0;1361263584;1361263584;0;2021;4
;;09.346.601/0001-25;52531769000;2021.4T;52531769000;21095033000;2560516000;16576854000;19137370000;436258000;0;31436736000;12958993000;17153406000;30112399000;10975029000;22419370000;2960504000;-1039880000;2179143000;-813687000;1365456000;86585000;-360387000.0;1452041000;1091654000;2844502000;850800000;6099000000;6099000000;0;2021;4
;;07.689.002/0001-89;56670203000;2021.4T;56670203000;32790163000;10147201000;4189985000;14337186000;1108324000;11082692000;23880040000;15786779000;25398872000;41185651000;26848465000;15484552000;7284440000;-19130601000;1096363000;-754020000;342343000;-17915000;-307820000.0;324428000;16608000;0;0;740465044;740465044;0;2021;4
;;00.001.180/0001-26;188303069000;2021.4T;188303069000;39744996000;2737253000;15640776000;18378029000;5094976000;1115468000;148558073000;23883372000;88002933000;111886305000;93508276000;76416764000;11491935000;-11961049000;6715208000;-4986008000;1729200000;-934573000;-184618000.0;794627000;610009000;0;0;1568930910;1288842596;280088314;2021;4
;;61.079.117/0001-05;8031764000;2021.4T;8031764000;3224388000;583176000;0;583176000;750778000;1009261000;4807376000;4291317000;273236000;4564553000;3981377000;3467211000;889005000;-1991914000;346358000;-206981000;139377000;83764000;29696000.0;223141000;303057000;136175000;102237000;588062222;302010689;286051533;2021;4
;;84.429.695/0001-11;23932787000;2021.4T;23932787000;15945946000;2714427000;502708000;3217135000;4317393000;6497048000;7986841000;7927884000;1994231000;9922115000;6704980000;14010672000;6540010000;-16602381000;1807897000;-822749000;985148000;17527000;-108749000.0;1002675000;893926000;663691000;307294000;4197317998;4197317998;0;2021;4
;;08.807.432/0001-10;9897795000;2021.4T;9897795000;2973560000;905461000;908779000;1814240000;957746000;0;6924235000;1865939000;4790272000;6656211000;4841971000;3241584000;1050347000;-2002255000;507403000;-479382000;28021000;-150173000;47802000.0;-122152000;-74350000;155989000;0;309088851;309088851;0;2021;4
;;97.837.181/0001-47;13420331000;2021.4T;13420331000;4661437000;1421302000;0;1421302000;1510596000;1433223000;8758894000;3371691000;4313729000;7685420000;6264118000;5734911000;2250839000;-5300393000;791063000;-508538000;282525000;-17703000;316225000.0;264822000;581047000;0;0;760962951;760962951;0;2021;4
;;00.864.214/0001-06;54258000000;2021.4T;54258000000;16109077000;773505000;5149162000;5922667000;4370534000;134558000;38148923000;12651380000;32521060000;45172440000;39249773000;9085560000;7112345000;-20777842000;1508442000;-410290000;1098152000;-734406000;-35155000.0;363746000;328591000;1270422000;0;1814642740;756010104;1058632636;2021;4
;;03.220.438/0001-73;61714300000;2021.4T;61714300000;21690029000;2996589000;7374627000;10371216000;9593193000;203710000;40024271000;12989443000;34120385000;47109828000;36738612000;14604472000;8057194000;-17345410000;2413810000;-487509000;1926301000;166788000;-466625000.0;2093089000;1626464000;-9521000;0;1010539585;1010539585;0;2021;4
;;10.629.105/0001-68;12221416000;2021.4T;12221416000;6106295000;970681000;3680185000;4650866000;915033000;217536000;6115121000;1085997000;4515170000;5601167000;950301000;6620249000;1778315000;-1883358000;1053307000;-101785000;951522000;-136388000;65698000.0;815134000;880832000;0;0;882646385;882646385;0;2021;4
;;02.800.026/0001-40;28512853000;2021.4T;28512853000;6967942000;1601468000;2425201000;4026669000;2025689000;366280000;21544911000;4087999000;10654190000;14742189000;10715520000;13770664000;1497580000;-1903710000;876380000;-775263000;101117000;-155336000;-49095000.0;-54219000;70333000;0;0;1876606210;1876606210;0;2021;4
;;33.611.500/0001-19;73814613000;2021.4T;73814613000;32640477000;4160654000;2626212000;6786866000;5414075000;16861488000;41174136000;14036814000;16962150000;30998964000;24212098000;42815649000;21554924000;-57527721000;5187115000;-673439000;4513676000;-615197000;-338495000.0;3898479000;3559984000;0;0;1719658728;573627483;1146031245;2021;4
;;02.558.157/0001-62;115663533000;2021.4T;115663533000;21060168000;6448483000;30109000;6478592000;8100269000;639825000;94603365000;22459398000;23197939000;45657337000;39178745000;70006196000;11500942000;-24781369000;4814160000;-2954408000;1859752000;-400263000;1168089000.0;1459489000;2627578000;1500000000;2315000000;1690984923;1690984923;0;2021;4
;;60.840.055/0001-31;6073770000;2021.4T;6073770000;1742471000;33722000;763372000;797094000;793851000;72610000;4331299000;1206874000;3012413000;4219287000;3422193000;1854483000;1017947000;-2745758000;274851000;-120098000;154753000;-55386000;-28372000.0;99367000;70995000;5169000;72398000;315654796;315654796;0;2021;4
;;08.312.229/0001-73;5075498000;2021.4T;5075498000;2203071000;62045000;835645000;897690000;336533000;923318000;2872427000;470140000;236297000;706437000;-191253000;4369061000;176398000;-516063000;77170000;-26823000;50347000;34109000;-6555000.0;84456000;77901000;102155000;0;220989103;220989103;0;2021;4
;;07.526.557/0001-00;138602483000;2021.4T;138602483000;38627141000;16627698000;1914607000;18542305000;4791634000;11000346000;99975342000;38866406000;15718460000;54584866000;36042561000;84017617000;22010833000;-35659744000;11514759000;-6423024000;5091735000;-987528000;-357234000.0;4104207000;3746973000;2607829000;7400137000;15750216851;15750216851;0;2021;4
;;33.000.167/0001-01;972951000000;2021.4T;972951000000;168247000000;58410000000;3630000000;62040000000;35538000000;40486000000;804704000000;134913000000;448457000000;583370000000;521330000000;389581000000;134190000000;-233031000000;59047000000;-758000000;58289000000;-13804000000;-12762000000.0;44485000000;31723000000;70518000000;0;13044496930;7442454142;5602042788;2021;4
;;67.620.377/0001-14;20069462000;2021.4T;20069462000;13767100000;6075633000;1226376000;7302009000;2598563000;2115294000;6302362000;7238370000;12176961000;19415331000;12113322000;654131000;7505928000;-22320336000;1401547000;-766762000;634785000;-542571000;58075000.0;92214000;150289000;0;0;607283407;607283407;0;2021;4
;;92.690.783/0001-09;74612666000;2021.4T;74612666000;33428447000;4162748000;3392284000;7555032000;5414075000;16861488000;41184219000;14041043000;16948561000;30989604000;23434572000;43623062000;21554924000;-57527721000;5187115000;-687145000;4499970000;-596253000;-338495000.0;3903717000;3565222000;0;0;1087243204;365111201;722132003;2021;4
;;89.637.490/0001-45;42075707000;2021.4T;42075707000;13892141000;6405200000;2017235000;8422435000;2808514000;2003394000;28183566000;5570841000;29418639000;34989480000;26567045000;7086227000;4581057000;-8938543000;2455122000;-624649000;1830473000;-389612000;-390755000.0;1440861000;1050106000;300000000;102000000;5617892756;2081728595;3536164161;2021;4
;;02.429.144/0001-93;66119878000;2021.4T;66119878000;15552504000;2199952000;585858000;2785810000;5425177000;150867000;50567374000;12913717000;36400283000;49314000000;46528190000;16805878000;10919332000;-29952666000;2714931000;-633046000;2081885000;-472773000;-278448000.0;1609112000;1330664000;0;0;1152254440;1152254440;0;2021;4
;;04.423.567/0001-21;18244555000;2021.4T;18244555000;3189501000;992290000;685447000;1677737000;718835000;520033000;15055054000;1436538000;7811394000;9247932000;7570195000;8996623000;1682451000;-3181706000;677592000;8665000;686257000;-152233000;-44611000.0;534024000;489413000;0;0;1283339183;1283339183;0;2021;4
;;89.096.457/0001-55;12866343000;2021.4T;12866343000;5109406000;139780000;0;139780000;330508000;2806365000;7756937000;3831980000;5258287000;9090267000;8950487000;3776076000;1927600000;-4076725000;549542000;-146683000;402859000;-166262000;-43637000.0;236597000;192960000;0;0;190595000;190595000;0;2021;4
;;16.670.085/0001-55;25312056000;2021.4T;25312056000;6942865000;444139000;4565393000;5009532000;1310359000;0;18369191000;4984500000;12710466000;17694966000;12685434000;7617090000;2636255000;-6202570000;1181527000;-407907000;773620000;-155980000;-175519000.0;617640000;442121000;206200000;251656000;758466670;758466670;0;2021;4
;;60.894.730/0001-05;39481569000;2021.4T;39481569000;19999470000;6341017000;682532000;7023549000;3563328000;7516240000;19482099000;6331989000;8791077000;15123066000;8099517000;24358503000;8049214000;-22462636000;2033282000;198531000;2231813000;309310000;-53018000.0;2541123000;2488105000;1912358000;673812000;1253079108;705260684;547818424;2021;4
;;02.387.241/0001-60;48174554000;2021.4T;48174554000;12381244000;9448193000;0;9448193000;482112000;228923000;35793310000;4440992000;28714999000;33155991000;23707798000;15018563000;1512218000;-5352040000;141244000;-202781000;-61537000;-445152000;122805000.0;-506689000;-383884000;41983000;0;1854158791;1854158791;0;2021;4
;;17.155.730/0001-64;52045808000;2021.4T;52045808000;12949150000;825208000;1724088000;2549296000;4765072000;0;39096658000;10687593000;21896450000;32584043000;30034747000;19461765000;9656728000;-26923870000;1814826000;-977126000;1369139000;-310811000;-95926000.0;1058328000;1383453000;0;0;1693362068;566036634;1127325434;2021;4
;;42.150.391/0001-70;92564368000;2021.4T;92564368000;39293445000;8680686000;3492710000;12173396000;7731037000;16335101000;53270923000;25193523000;61167017000;86360540000;74187144000;6203828000;28212105000;-73568231000;6701842000;-2979916000;3721926000;-2473703000;-780024000.0;1248223000;468199000;0;0;797207834;451668652;345539182;2021;4
;;33.042.730/0001-04;85354359000;2022.4T;85354359000;30612360000;11991356000;1456485000;13447841000;3233164000;11289229000;54741999000;22475119000;41063196000;63538315000;50090474000;21816044000;11129283000;-31054016000;3281927000;-2093997000;1187930000;-1181282000;190144000.0;6648000;196792000;2431514000;855788000;1326093947;1326093947;0;2022;4
;;07.859.971/0001-30;17309081000;2022.4T;17309081000;3089668000;1083174000;0;1083174000;202942000;0;14219413000;1021517000;9717088000;10738605000;9655431000;6570476000;509356000;-498448000;312260000;-88194000;224066000;-163042000;-38208000.0;61024000;22816000;0;404753000;1033496721;590714069;442782652;2022;4
;;53.113.791/0001-22;10616193000;2022.4T;10616193000;6230161000;2735765000;0;2735765000;475648000;0;4386032000;3336366000;2694978000;6031344000;3295579000;4584849000;922431000;-1145269000;660547000;-493030000;167517000;5026000;-11041000.0;172543000;153415000;0;187781000;617183181;617183181;0;2022;4
;;33.256.439/0001-39;36441003000;2022.4T;36441003000;18564600000;5621769000;520352000;6142121000;5072139000;4906083000;17876403000;12766252000;11499783000;24266035000;18123914000;12174968000;35957308000;-136276257000;2450831000;-1042090000;1408741000;-220984000;-343726000.0;1187757000;836383000;-1000;450004000;1115204291;1115204291;0;2022;4
;;50.746.577/0001-15;134484992000;2022.4T;134484992000;25577934000;13301716000;0;13301716000;3769908000;1869059000;108907058000;15798213000;70517380000;86315593000;73013877000;48169399000;10754093000;-30753137000;2167915000;998256000;3166171000;-1312052000;-101816000.0;1854119000;1752303000;1219772000;0;1874070932;1874070932;0;2022;4
;;16.404.287/0001-55;133197968000;2022.4T;133197968000;37122650000;9505951000;7546639000;17052590000;9607012000;5728261000;96075318000;14492543000;85539060000;100031603000;82979013000;33166365000;14369707000;-24821288000;7576854000;-277969000;7298885000;1999957000;-1839952000.0;9298842000;7458890000;0;0;1361263584;1361263584;0;2022;4
;;09.346.601/0001-25;47594773000;2022.4T;47594773000;17129613000;2613794000;12290717000;14904511000;503840000;0;30465160000;9306446000;18005184000;27311630000;12407119000;20283143000;3073784000;-1018969000;2307531000;-975747000;1331784000;48599000;-376401000.0;1380383000;1003982000;414714000;1352700000;5819000000;5819000000;0;2022;4
;;07.689.002/0001-89;52918325000;2022.4T;52918325000;30036698000;9479949000;2579508000;12059457000;1324042000;12152115000;22881627000;16786744000;21394800000;38181544000;26122087000;14736781000;10456611000;-18738793000;1999920000;-1255563000;744357000;-222574000;-401518000.0;521783000;120265000;0;0;740465044;740465044;0;2022;4
;;00.001.180/0001-26;270217462000;2022.4T;270217462000;49623127000;13837527000;12193654000;26031181000;4794924000;429310000;220594335000;26440876000;132747950000;159188826000;133157645000;111028636000;8003856000;-15857610000;3523929000;-3268451000;255478000;-1575820000;754065000.0;-1320342000;-478623000;0;0;2196606250;1916517936;280088314;2022;4
;;61.079.117/0001-05;8499680000;2022.4T;8499680000;3773385000;647517000;0;647517000;1111694000;1381573000;4726295000;1494762000;1245160000;2739922000;2092405000;5759758000;1103382000;-2254163000;416049000;-429173000;-13124000;-2714000;-5011000.0;-15838000;-20977000;0;5000;683062222;339510689;343551533;2022;4
;;84.429.695/0001-11;28134660000;2022.4T;28134660000;19653210000;4451002000;531826000;4982828000;5614423000;7644361000;8481450000;10262877000;2623428000;12886305000;7903477000;15248355000;7979637000;-21209235000;2414997000;-1009386000;1405611000;-3839000;-182706000.0;1401772000;1219066000;553650000;594845000;4197317998;4197317998;0;2022;4
;;08.807.432/0001-10;9049207000;2022.4T;9049207000;2100461000;401050000;384781000;785831000;1055886000;0;6948746000;1107611000;4981537000;6089148000;5303317000;2960059000;1101622000;-1982472000;594959000;-520569000;74390000;-177553000;18874000.0;-103163000;-84289000;0;0;309088851;309088851;0;2022;4
;;97.837.181/0001-47;15624811000;2022.4T;15624811000;5173901000;1771730000;0;1771730000;1465512000;1604707000;10450910000;3264920000;6398327000;9663247000;7891517000;5961564000;1980439000;-5614863000;614079000;-281049000;333030000;-177021000;61859000.0;156009000;217868000;0;0;820566246;820566246;0;2022;4
;;00.864.214/0001-06;59670668000;2022.4T;59670668000;14724256000;916207000;4835505000;5751712000;3963073000;145421000;44946412000;13224880000;33962036000;47186916000;41435204000;12483752000;6661716000;-19312220000;1762475000;-524050000;1238425000;-924353000;68823000.0;314072000;382895000;710041000;0;2039086540;800898864;1238187676;2022;4
;;03.220.438/0001-73;90617397000;2022.4T;90617397000;21689299000;3166362000;4714434000;7880796000;11490422000;278860000;68928098000;22099849000;49950568000;72050417000;64169621000;18566980000;7916935000;-18565736000;2458834000;-857343000;1601491000;-677677000;-152460000.0;923814000;771354000;0;0;1010539585;1010539585;0;2022;4
;;10.629.105/0001-68;20302520000;2022.4T;20302520000;10602627000;9612961000;0;9612961000;166304000;0;9699893000;1387739000;9022764000;10410503000;797542000;9892017000;973709000;-2106303000;599148000;66117000;665265000;14173000;247270000.0;679438000;926708000;0;0;887229147;887229147;0;2022;4
;;02.800.026/0001-40;26396751000;2022.4T;26396751000;5059727000;121772000;2007061000;2128833000;2011108000;426322000;21337024000;4069278000;9086085000;13155363000;11026530000;13241388000;1695960000;-1864883000;1125671000;-1077422000;48249000;-239994000;5654000.0;-191745000;-186091000;-924000;0;1876606210;1876606210;0;2022;4
;;33.611.500/0001-19;73798652000;2022.4T;73798652000;31257422000;2475863000;2959135000;5434998000;4999004000;17817585000;42541230000;13462581000;14037878000;27500459000;22065461000;46298193000;17964045000;-63661156000;2928267000;-443493000;2484774000;-497769000;-768583000.0;1987005000;1218422000;0;0;1757067050;600526442;1156540608;2022;4
;;02.558.157/0001-62;119121483000;2022.4T;119121483000;17283910000;2273834000;1016000;2274850000;8691114000;789724000;101837573000;22170720000;28494916000;50665636000;48390786000;68455847000;12659238000;-27431680000;5405522000;-3444829000;1960693000;-603742000;-231074000.0;1356951000;1125877000;1000000000;1645000000;1676938271;1676938271;0;2022;4
;;60.840.055/0001-31;7791770000;2022.4T;7791770000;2391404000;17256000;1292234000;1309490000;856849000;96576000;5400366000;1234135000;3856550000;5090685000;3781195000;2701085000;1114747000;-3252930000;249933000;-141600000;108333000;-78211000;174000.0;30122000;30296000;0;107898000;315654796;315654796;0;2022;4
;;08.312.229/0001-73;5533594000;2022.4T;5533594000;2337621000;49103000;719574000;768677000;322498000;1209550000;3195973000;475669000;518981000;994650000;225973000;4538944000;310897000;-737031000;76990000;-51758000;25232000;18901000;-10100000.0;44133000;34033000;7484000;0;220989103;220989103;0;2022;4
;;07.526.557/0001-00;137958083000;2022.4T;137958083000;37816711000;14926435000;454497000;15380932000;5349105000;12923025000;100141372000;40540538000;14089718000;54630256000;39249324000;83327827000;22693038000;-40422069000;11707782000;-6300320000;5407462000;-1079931000;755868000.0;4327531000;5083399000;341242000;11999808000;15753833284;15753833284;0;2022;4
;;33.000.167/0001-01;976709000000;2022.4T;976709000000;163052000000;41723000000;14470000000;56193000000;26142000000;45804000000;813657000000;163731000000;448593000000;612324000000;556131000000;364385000000;158579000000;-307156000000;76637000000;-18826000000;57811000000;1490000000;-15799000000.0;59301000000;43502000000;224412000000;0;13044496930;7442454142;5602042788;2022;4
;;67.620.377/0001-14;21400128000;2022.4T;21400128000;12986719000;5234456000;1837007000;7071463000;2487540000;1658467000;8413409000;8129741000;12207892000;20337633000;13266170000;1062495000;6839176000;-25240352000;1334864000;-837238000;497626000;-562390000;39080000.0;-64764000;-25684000;27288000;0;607283407;607283407;0;2022;4
;;92.690.783/0001-09;74769525000;2022.4T;74769525000;32219794000;2475896000;3869964000;6345860000;4999004000;17817585000;42549731000;13493868000;13986545000;27480413000;21134553000;47289112000;17964045000;-63661156000;2928267000;-468774000;2459493000;-483571000;-768582000.0;1975922000;1207340000;0;0;1033840804;365111201;668729603;2022;4
;;89.637.490/0001-45;47577358000;2022.4T;47577358000;12504004000;4683945000;1818368000;6502313000;2674899000;2442005000;35073354000;6461750000;29547342000;36009092000;29506779000;11568266000;5083386000;-10517844000;1874463000;-767247000;1107216000;-30644000;-286948000.0;1076572000;789624000;-399216000;0;5617892756;2081728595;3536164161;2022;4
;;02.429.144/0001-93;71146081000;2022.4T;71146081000;15180037000;3746158000;856244000;4602402000;5071130000;190310000;55966044000;14879172000;38726965000;53606137000;49003735000;17539944000;10736543000;-27517744000;3478511000;-243324000;3235187000;-1350929000;-509217000.0;1884259000;1375042000;0;0;1152254440;1152254440;0;2022;4
;;04.423.567/0001-21;41713969000;2022.4T;41713969000;5583686000;1291295000;731310000;2022605000;1270137000;673065000;36130283000;5026873000;22951078000;27977951000;25955346000;13736018000;2316953000;-4251279000;631500000;-453124000;178376000;-395727000;24563000.0;-217351000;-192788000;0;0;1584572378;1584572378;0;2022;4
;;89.096.457/0001-55;14868389000;2022.4T;14868389000;7032683000;1235775000;0;1235775000;502807000;3343980000;7835706000;4589690000;5382267000;9971957000;8736182000;4896432000;2322160000;-6458411000;557027000;-223883000;333144000;-223129000;22418000.0;110015000;132433000;0;0;190595000;190595000;0;2022;4
;;16.670.085/0001-55;65656631000;2022.4T;65656631000;11688910000;1505623000;4053777000;5559400000;2480213000;122570000;53967721000;11236806000;33849220000;45086026000;39526626000;20570605000;5885539000;-11135459000;1971401000;-745567000;1225834000;-748003000;-34381000.0;477831000;443450000;0;836133000;988435930;988435930;0;2022;4
;;60.894.730/0001-05;40000451000;2022.4T;40000451000;20358661000;2916047000;2156314000;5072361000;3547946000;9965172000;19641790000;5392626000;8720075000;14112701000;9040340000;25887750000;7659976000;-26790835000;773152000;-1795815000;-1022663000;187966000;-4088000.0;-834697000;-838785000;733044000;0;1253079108;705260684;547818424;2022;4
;;02.387.241/0001-60;45951745000;2022.4T;45951745000;9754895000;7385421000;0;7385421000;561641000;225813000;36196850000;5690421000;24850874000;30541295000;23155874000;15410450000;2219916000;-6695148000;585228000;303979000;889207000;-625020000;-21182000.0;264187000;243005000;126274000;0;1854158791;1854158791;0;2022;4
;;17.155.730/0001-64;53670837000;2022.4T;53670837000;13465203000;1440661000;1744546000;3185207000;4915339000;0;40205634000;11205178000;20682393000;31887571000;28702364000;21783266000;9178669000;-27652015000;2773400000;-286486000;2486914000;-900374000;-179973000.0;1586540000;1406567000;248813000;1738650000;2201370688;735847624;1465523064;2022;4
;;42.150.391/0001-70;88048858000;2022.4T;88048858000;34457656000;12466474000;2295497000;14761971000;4117204000;14030064000;53591202000;24185247000;57755394000;81940641000;67178670000;6108217000;18989757000;-85160548000;-78308000;-1764750000;-1843058000;-383864000;343643000.0;-2226922000;-1883279000;0;0;797207834;451668652;345539182;2022;4
;;33.042.730/0001-04;91529720000;2023.4T;91529720000;33077700000;16046218000;1533004000;17579222000;3269764000;9557578000;58452020000;25017103000;46827779000;71844882000;54265660000;19684838000;12005121000;-33475189000;3668791000;-1851045000;1817746000;-552371000;-414270000.0;1265375000;851105000;3317103000;144694000;1326093947;1326093947;0;2023;4
;;07.859.971/0001-30;19448656000;2023.4T;19448656000;3503237000;1306121000;0;1306121000;282010000;0;15945419000;1750274000;11019072000;12769346000;11463225000;6679310000;1304231000;-1240720000;665554000;48903000;714457000;-196307000;-36356000.0;518150000;481794000;0;416728000;1033496721;590714069;442782652;2023;4
;;53.113.791/0001-22;8828860000;2023.4T;8828860000;3906298000;3129162000;0;3129162000;538528000;0;4922562000;1348729000;2467460000;3816189000;687027000;5012671000;1191574000;-1361034000;821939000;-685485000;136454000;-1141000;-9099000.0;135313000;126214000;0;265670000;617183181;617183181;0;2023;4
;;33.256.439/0001-39;38251974000;2023.4T;38251974000;18648895000;5925688000;292934000;6218622000;5618394000;4291431000;19603079000;11229658000;12992490000;24222148000;18003526000;14029826000;33420872000;-116730469000;3068964000;-1261717000;1807247000;-170199000;-523054000.0;1637048000;1113994000;598914000;0;1115404268;1115404268;0;2023;4
;;50.746.577/0001-15;139865382000;2023.4T;139865382000;28610189000;14658481000;0;14658481000;3330488000;1792714000;111255193000;16158805000;72725397000;88884202000;74225721000;50981180000;9573144000;-28549896000;2245962000;1679221000;3925183000;-510771000;563379000.0;3414412000;4023210000;2302951000;0;1874070932;1874070932;0;2023;4
;;16.404.287/0001-55;143593025000;2023.4T;143593025000;38569072000;8345871000;12823886000;21169757000;6848454000;5946948000;105023953000;14795040000;83987685000;98782725000;77612968000;44810300000;10371545000;-25076675000;3595981000;-438153000;3157828000;2269458000;-912564000.0;5427286000;4514722000;0;1500000000;1304117615;1304117615;0;2023;4
;;09.346.601/0001-25;49421622000;2023.4T;49421622000;18843820000;1788906000;14199566000;15988472000;566045000;0;30577802000;12154194000;16981329000;29135523000;13147051000;20286099000;2493567000;-991226000;2242183000;-1071056000;1171127000;24538000;-279860000.0;1195665000;915805000;816800000;1003150000;5546500000;5546500000;0;2023;4
;;07.689.002/0001-89;52201228000;2023.4T;52201228000;29316115000;7887311000;2525758000;10413069000;1094033000;12761730000;22885113000;17746077000;19740921000;37486998000;27073929000;14714230000;9728695000;-21607123000;1671112000;-648317000;1022795000;-205365000;156187000.0;817430000;973617000;66646000;0;740465044;740465044;0;2023;4
;;00.001.180/0001-26;267057654000;2023.4T;267057654000;47897131000;13494059000;5920171000;19414230000;5210482000;426690000;219160523000;27159791000;127433219000;154593010000;135178780000;112464644000;9922115000;-18673499000;4391069000;-4235474000;155595000;-2191552000;3264741000.0;-2035957000;893407000;0;0;2307099812;2027011498;280088314;2023;4
;;61.079.117/0001-05;6327389000;2023.4T;6327389000;3199595000;922525000;0;922525000;883735000;997680000;3127794000;985107000;1614815000;2599922000;1677397000;3727467000;1009151000;-2237931000;366577000;-1986868000;-1620291000;-27341000;41416000.0;-1647632000;-1606216000;271000;7000;683062222;339510689;343551533;2023;4
;;84.429.695/0001-11;31496270000;2023.4T;31496270000;21562311000;6488454000;592770000;7081224000;6070556000;7116286000;9933959000;11219689000;2421805000;13641494000;6560270000;17854776000;8561285000;-21702737000;2885431000;-1223941000;1661490000;-9138000;135643000.0;1652352000;1787995000;609303000;797399000;4197317998;4197317998;0;2023;4
;;08.807.432/0001-10;9287596000;2023.4T;9287596000;2109291000;501971000;196375000;698346000;1206679000;0;7178305000;1430185000;4800326000;6230511000;5532165000;3057085000;1229686000;-2077284000;689413000;-665520000;23893000;-173819000;29668000.0;-149926000;-120258000;0;0;309088851;309088851;0;2023;4
;;97.837.181/0001-47;17920591000;2023.4T;17920591000;5761356000;2785454000;0;2785454000;1223276000;1403387000;12159235000;3608696000;7789817000;11398513000;8613059000;6522078000;1948683000;-5007542000;505117000;-265883000;239234000;-150487000;106686000.0;88747000;195433000;0;0;820566246;820566246;0;2023;4
;;00.864.214/0001-06;68068471000;2023.4T;68068471000;17206180000;1298424000;6090167000;7388591000;4841922000;177590000;50862291000;15349661000;37003114000;52352775000;44964184000;15715696000;8076104000;-20750869000;2171950000;-622168000;1549782000;-552202000;-268448000.0;997580000;729132000;692007000;0;2289424663;887231247;1402193416;2023;4
;;03.220.438/0001-73;103643452000;2023.4T;103643452000;27952915000;4612248000;7625439000;12237687000;12021055000;135608000;75690537000;18149382000;60210411000;78359793000;66122106000;25283659000;11245508000;-28842545000;3277184000;-1506616000;1770568000;-1026295000;245797000.0;744273000;990070000;0;0;1147108197;1147108197;0;2023;4
;;10.629.105/0001-68;28310932000;2023.4T;28310932000;5294874000;2335403000;0;2335403000;1743491000;651651000;23016058000;3463811000;10968841000;14432652000;12097249000;13878280000;2733390000;-4246137000;1939809000;282697000;2222506000;-333749000;-340710000.0;1888757000;1548047000;60617000;0;892059934;892059934;0;2023;4
;;02.800.026/0001-40;25135863000;2023.4T;25135863000;4984323000;624483000;1166805000;1791288000;2266054000;476607000;20151540000;3669988000;8759596000;12429584000;10638296000;12706279000;1828205000;-2109212000;1147497000;-913369000;234128000;-233542000;-340265000.0;586000;-383706000;0;0;1876606210;1876606210;0;2023;4
;;33.611.500/0001-19;74885144000;2023.4T;74885144000;29197937000;3005645000;2338097000;5343742000;4875394000;15227778000;45687207000;11284612000;14361669000;25646281000;20302539000;49238863000;14715516000;-57583992000;1632766000;-741520000;891246000;-155538000;-148912000.0;735708000;586796000;0;0;2108480460;720631730;1387848730;2023;4
;;02.558.157/0001-62;120737980000;2023.4T;120737980000;19244962000;4358276000;1148000;4359424000;9318077000;822814000;101493018000;20084184000;31026476000;51110660000;46751236000;69627320000;13534726000;-29415400000;5830152000;-3578678000;2251474000;-630798000;-12880000.0;1620676000;1607796000;0;2192884000;1652588360;1652588360;0;2023;4
;;60.840.055/0001-31;11579968000;2023.4T;11579968000;2803557000;21920000;902213000;924133000;1505194000;134929000;8776411000;1686617000;4782281000;6468898000;5544765000;5111070000;1704441000;-4730916000;400599000;-214918000;185681000;-92652000;-11888000.0;93029000;81141000;0;237282000;547191026;547191026;0;2023;4
;;08.312.229/0001-73;5879316000;2023.4T;5879316000;2510852000;84186000;678090000;762276000;296195000;1422577000;3368464000;402620000;771632000;1174252000;411976000;4705064000;337929000;-739473000;112508000;-42005000;70503000;23726000;-8150000.0;94229000;86079000;19666000;0;220989103;220989103;0;2023;4
;;07.526.557/0001-00;132644133000;2023.4T;132644133000;36563050000;16059003000;277164000;16336167000;5741457000;9619022000;96081083000;41004897000;11495434000;52500331000;36164164000;80143802000;19989234000;-39291571000;10687974000;-5260803000;5427171000;-700510000;-198215000.0;4726661000;4528446000;506899000;11500205000;15757657336;15757657336;0;2023;4
;;33.000.167/0001-01;1050888000000;2023.4T;1050888000000;157079000000;61613000000;13650000000;75263000000;29702000000;37184000000;893809000000;163928000000;504620000000;668548000000;593285000000;382340000000;134258000000;-242061000000;72626000000;-32998000000;39628000000;1368000000;-9833000000.0;40996000000;31163000000;94221000000;0;13044496930;7442454142;5602042788;2023;4
;;67.620.377/0001-14;28594154000;2023.4T;28594154000;18135700000;4009951000;8668638000;12678589000;2402072000;2017905000;10458454000;9746503000;18188101000;27934604000;15256015000;659550000;6166017000;-21378060000;1369745000;-866502000;503243000;-462106000;-21327000.0;41137000;19810000;0;0;607283407;607283407;0;2023;4
;;92.690.783/0001-09;75232462000;2023.4T;75232462000;29540169000;3005688000;2635036000;5640724000;4875394000;15227778000;45692293000;11304213000;14354810000;25659023000;20018299000;49573439000;14715516000;-57583992000;1632766000;-745139000;887627000;-130643000;-153994000.0;756984000;602990000;0;0;1032705804;365111201;667594603;2023;4
;;89.637.490/0001-45;55434690000;2023.4T;55434690000;16465645000;9558829000;1156002000;10714831000;2112722000;2665525000;38969045000;6092527000;35609632000;41702159000;30987328000;13732531000;4500002000;-11174303000;1449029000;-583482000;865547000;-324577000;-170987000.0;540970000;369983000;1613395000;0;6179682031;2289901455;3889780576;2023;4
;;02.429.144/0001-93;74971227000;2023.4T;74971227000;18051353000;4435186000;1097438000;5532624000;6190130000;151744000;56919874000;19762108000;35210366000;54972474000;49439850000;19998753000;10540062000;-26101101000;3873518000;-1359513000;2514005000;-637307000;-549856000.0;1876698000;1326842000;431675000;0;1152254440;1152254440;0;2023;4
;;04.423.567/0001-21;43565879000;2023.4T;43565879000;6061440000;2342061000;250578000;2592639000;1431317000;724564000;37504439000;4736210000;23892033000;28628243000;26035604000;14937636000;2727871000;-6379745000;861319000;-242501000;618818000;-1011788000;153194000.0;-392970000;-239776000;0;0;1584697571;1584697571;0;2023;4
;;89.096.457/0001-55;15856318000;2023.4T;15856318000;7367273000;1613703000;0;1613703000;466911000;3656261000;8489045000;4040317000;6574135000;10614452000;9000749000;5241866000;1817061000;-6501430000;133676000;-230740000;-97064000;-199981000;144059000.0;-297045000;-152986000;0;0;443329716;443329716;0;2023;4
;;16.670.085/0001-55;80947084000;2023.4T;80947084000;17764403000;2000897000;8321252000;10322149000;3681632000;0;63182681000;18417023000;37132246000;55549269000;45227120000;25397815000;7908500000;-20630206000;2437249000;-630406000;1806843000;-974315000;-126884000.0;832528000;705644000;0;1202152000;1071889858;1071889858;0;2023;4
;;60.894.730/0001-05;40161751000;2023.4T;40161751000;17931648000;5323851000;685982000;6009833000;3509027000;7492964000;22230103000;5514389000;8097925000;13612314000;7602481000;26549437000;6781493000;-25850518000;145221000;227965000;373186000;65288000;536047000.0;438474000;974521000;625525000;0;1253079108;705260684;547818424;2023;4
;;02.387.241/0001-60;49238436000;2023.4T;49238436000;10251830000;7233993000;0;7233993000;538457000;215605000;38986606000;5477537000;27889844000;33367381000;26133388000;15871055000;2615704000;-6838432000;809728000;-175485000;634243000;-594303000;-38885000.0;39940000;1055000;174151000;0;1854868949;1854868949;0;2023;4
;;17.155.730/0001-64;55000080000;2023.4T;55000080000;11869068000;1537482000;773982000;2311464000;5484272000;0;43131012000;13092816000;17252071000;30344887000;28033423000;24655193000;9956686000;-28465929000;2236392000;-135738000;2100654000;-98010000;-116704000.0;2002644000;1885940000;533118000;2167233000;2861781895;956601911;1905179984;2023;4
;;42.150.391/0001-70;91741000000;2023.4T;91741000000;37441000000;14187000000;4956000000;19143000000;3877000000;12532000000;54300000000;24494000000;63968000000;88462000000;69319000000;3279000000;16691274000;-67548000000;1008482000;-2036222000;-1027740000;-798675000;75407000.0;-1826415000;-1751008000;12000000;0;797207834;451668652;345539182;2023;4
;;33.042.730/0001-04;103906654000;2024.4T;103906654000;39785693000;23310197000;911378000;24221575000;2900998000;10439741000;64120961000;25116475000;63331063000;88447538000;64225963000;15459116000;12026139000;-31990696000;3783028000;-2490931000;1292097000;-1261865000;-115229000.0;30232000;-84997000;2560484000;0;1326093947;1326093947;0;2024;4
;;07.859.971/0001-30;20431093000;2024.4T;20431093000;3022657000;750976000;0;750976000;233326000;0;17408436000;2462741000;11028848000;13491589000;12740613000;6939504000;1084720000;-1245831000;688979000;155371000;844350000;-283440000;-53443000.0;560910000;507467000;0;400866000;1033496721;590714069;442782652;2024;4
;;53.113.791/0001-22;8531721000;2024.4T;8531721000;2763558000;1942162000;0;1942162000;563328000;0;5768163000;1144197000;2400403000;3544600000;1602438000;4987121000;1351437000;-1594149000;957102000;-736459000;220643000;-15234000;-15886000.0;205409000;189523000;0;265707000;599401581;599401581;0;2024;4
;;33.256.439/0001-39;39558074000;2024.4T;39558074000;16047721000;2071593000;2553011000;4624604000;4350429000;3917076000;23510353000;10493201000;13241429000;23734630000;19110026000;15823444000;35401392000;-123811893000;3235545000;-1243501000;1992044000;-335156000;-776069000.0;1656888000;880819000;314328000;105590000;1115507182;1115507182;0;2024;4
;;50.746.577/0001-15;141265902000;2024.4T;141265902000;30774403000;16903542000;0;16903542000;3730364000;2072905000;110491499000;17912834000;83954706000;101867540000;84963998000;39398362000;11768381000;-30236061000;3407530000;-6296142000;-2888612000;-3031291000;-2804636000.0;-5919903000;-8482599000;2727649000;0;1866570932;1866570932;0;2024;4
;;16.404.287/0001-55;165936105000;2024.4T;165936105000;42182960000;9018818000;12971547000;21990365000;9132860000;7962324000;123753145000;24477938000;109042592000;133520530000;111530165000;32415575000;14176998000;-27401527000;5416281000;-1000460000;4415821000;-15556184000;4403791000.0;-11140363000;-6736572000;0;2500000000;1264117615;1264117615;0;2024;4
;;09.346.601/0001-25;45228850000;2024.4T;45228850000;15187412000;1636275000;11664030000;13300305000;506647000;0;30041438000;9159685000;17685711000;26845396000;13545091000;18383454000;2667797000;-1059270000;2399210000;-909348000;1489862000;-2085000;-309231000.0;1487777000;1178546000;380000000;943150000;5266500000;5266500000;0;2024;4
;;07.689.002/0001-89;73219718000;2024.4T;73219718000;40326906000;9678721000;3961465000;13640186000;2061890000;18181138000;32892812000;27347016000;25161794000;52508810000;38868624000;20710908000;13743460000;-29041940000;2544459000;-1003114000;1541345000;-531612000;-791688000.0;1009733000;218045000;0;0;740465044;740465044;0;2024;4
;;00.001.180/0001-26;289871330000;2024.4T;289871330000;64451102000;27081256000;8951838000;36033094000;5911477000;441471000;225420228000;31630370000;136241184000;167871554000;131838460000;121999776000;12025072000;-22143030000;4835254000;-840731000;3994523000;-2930210000;47954000.0;1064313000;1112267000;0;0;2308632600;2028544286;280088314;2024;4
;;61.079.117/0001-05;6839725000;2024.4T;6839725000;3459140000;1488511000;0;1488511000;997875000;709119000;3380585000;1349606000;1453740000;2803346000;1314835000;4036379000;1122411000;-2335615000;373355000;-417769000;-44414000;19135000;27332000.0;-25279000;2053000;17178000;-1000;683062222;339510689;343551533;2024;4
;;84.429.695/0001-11;41489701000;2024.4T;41489701000;27221359000;7347599000;648477000;7996076000;7394411000;9903951000;14268342000;15454265000;2910219000;18364484000;10368408000;23125217000;10822276000;-25173096000;3618227000;-1475177000;2143050000;55799000;-429921000.0;2198849000;1768928000;786877000;891915000;4197317998;4197317998;0;2024;4
;;08.807.432/0001-10;9938424000;2024.4T;9938424000;2516953000;677472000;369443000;1046915000;1238974000;0;7421471000;1436490000;5362974000;6799464000;5752549000;3138960000;1266277000;-2086676000;747365000;-581224000;166141000;-162328000;9951000.0;3813000;13764000;0;0;289088851;289088851;0;2024;4
;;97.837.181/0001-47;18144110000;2024.4T;18144110000;5066196000;1231419000;522301000;1753720000;1282037000;1642016000;13077914000;3641566000;7307449000;10949015000;9195295000;7195095000;2064171000;-5782747000;509059000;-326441000;182618000;-156322000;-3931000.0;26296000;22365000;0;0;820566246;820566246;0;2024;4
;;00.864.214/0001-06;77181653000;2024.4T;77181653000;18016017000;899139000;7662110000;8561249000;4455297000;137932000;59165636000;14653391000;40385040000;55038431000;46477182000;22143222000;9558144000;-25151840000;2122977000;-820688000;1302289000;-189913000;1006770000.0;1112376000;2119146000;1637802000;0;2289424663;887231247;1402193416;2024;4
;;03.220.438/0001-73;116412091000;2024.4T;116412091000;28527346000;3306364000;9731379000;13037743000;12801346000;150896000;87884745000;19605209000;66919296000;86524505000;73486762000;29887586000;12618054000;-32309713000;3313816000;-1144218000;2169598000;-1331623000;664829000.0;837975000;1502804000;889335000;347502000;1253847835;1253847835;0;2024;4
;;10.629.105/0001-68;55746165000;2024.4T;55746165000;7952572000;3993359000;0;3993359000;931770000;1204744000;47793593000;3688444000;26133529000;29821973000;25828614000;25924192000;2987138000;-7085876000;1609357000;-158453000;1450904000;-123961000;5621952000.0;1326943000;6948895000;0;0;896346173;896346173;0;2024;4
;;02.800.026/0001-40;24200400000;2024.4T;24200400000;4627366000;94965000;1237230000;1332195000;2420665000;429461000;19573034000;2881057000;7774208000;10655265000;9323070000;13545135000;2160563000;-2113100000;1414239000;-650092000;764147000;20987000;280660000.0;785134000;1065794000;120822000;0;1876606210;1876606210;0;2024;4
;;33.611.500/0001-19;86814493000;2024.4T;86814493000;32669423000;7767813000;509030000;8276843000;5176958000;16504911000;54145070000;10851391000;17789316000;28640707000;20363864000;58173786000;16822544000;-57823416000;2020010000;-1026654000;993356000;-627669000;-42723000.0;365687000;322964000;0;0;2028194949;718346219;1309848730;2024;4
;;02.558.157/0001-62;124940673000;2024.4T;124940673000;22814327000;6691098000;0;6691098000;9471592000;1097238000;102126346000;24257939000;30883239000;55141178000;48450080000;69799495000;14581420000;-31352158000;6151048000;-3720316000;2430732000;-342433000;-326654000.0;2088299000;1761645000;0;2806975000;3261287392;3261287392;0;2024;4
;;60.840.055/0001-31;13062410000;2024.4T;13062410000;4375794000;21788000;2319955000;2341743000;1634904000;155036000;8686616000;1742813000;5944766000;7687579000;5345836000;5374831000;1839338000;-5541534000;453554000;-252624000;200930000;-103629000;-20816000.0;97301000;76485000;0;300501000;547191026;547191026;0;2024;4
;;08.312.229/0001-73;6466534000;2024.4T;6466534000;2616102000;71381000;699051000;770432000;434949000;1378328000;3850432000;382378000;1201030000;1583408000;812976000;4883126000;426562000;-1027729000;160093000;-53963000;106130000;35442000;-10400000.0;141572000;131172000;30079000;0;220989103;220989103;0;2024;4
;;07.526.557/0001-00;162507949000;2024.4T;162507949000;54155784000;28595666000;1242001000;29837667000;6269863000;11689767000;108352165000;49388714000;13538721000;62927435000;33089768000;99580514000;27035418000;-43615080000;14511915000;-6986759000;7525156000;-614557000;-1886018000.0;6910599000;5024581000;6956982000;3852185000;15761638756;15761638756;0;2024;4
;;33.000.167/0001-01;1124797000000;2024.4T;1124797000000;135212000000;20254000000;26397000000;46651000000;22080000000;41550000000;989585000000;194808000000;562475000000;757283000000;710632000000;367514000000;121268000000;-244367000000;58136000000;-44967000000;13169000000;-34935000000;4804000000.0;-21766000000;-16962000000;101015000000;0;12888732761;7442231382;5446501379;2024;4
;;67.620.377/0001-14;42141896000;2024.4T;42141896000;24456769000;7550512000;6910417000;14460929000;4184159000;4111385000;17685127000;16573215000;25481464000;42054679000;27593750000;87217000;10714218000;-27065603000;2134006000;-1425872000;708134000;-2248119000;-27203000.0;-1539985000;-1567188000;0;0;607283407;607283407;0;2024;4
;;92.690.783/0001-09;86948529000;2024.4T;86948529000;32802961000;7861818000;509030000;8370848000;5176958000;16504911000;54145568000;10905469000;17789346000;28694815000;20323967000;58253714000;16822544000;-57823416000;2020010000;-1028648000;991362000;-624421000;-43007000.0;366941000;323934000;0;0;993705804;365111201;628594603;2024;4
;;89.637.490/0001-45;59390832000;2024.4T;59390832000;13818844000;6736171000;794037000;7530208000;1815129000;3215938000;45571988000;7163343000;43590289000;50753632000;43223424000;8637200000;5268219000;-12273741000;2131303000;-853560000;1277743000;-883725000;148712000.0;394018000;542730000;0;0;6179682031;2289901455;3889780576;2024;4
;;02.429.144/0001-93;77129194000;2024.4T;77129194000;16551548000;1973401000;1573654000;3547055000;5883894000;221573000;60577646000;17370535000;37963630000;55334165000;51787110000;21795029000;11946048000;-29059437000;3586462000;-890491000;2695971000;-466893000;-654764000.0;2229078000;1574314000;1296470000;0;1152254440;1152254440;0;2024;4
;;04.423.567/0001-21;52770780000;2024.4T;52770780000;8518296000;3194255000;672057000;3866312000;2330710000;813508000;44252484000;5783912000;26772101000;32556013000;28689701000;20214767000;4858555000;-7434022000;1128886000;-1137579000;-8693000;-1458158000;517267000.0;-1466851000;-949584000;261507000;0;1932591767;1932591767;0;2024;4
;;89.096.457/0001-55;17574342000;2024.4T;17574342000;8390257000;1979575000;0;1979575000;608008000;3780562000;9184085000;6145505000;7324295000;13469800000;11490225000;4104542000;2045085000;-5495901000;551361000;-284847000;266514000;-373081000;55217000.0;-106567000;-51350000;0;0;443329716;443329716;0;2024;4
;;16.670.085/0001-55;87243607000;2024.4T;87243607000;20781969000;3568636000;7856926000;11425562000;4033679000;0;66461638000;17713794000;43187099000;60900893000;49475331000;26342714000;9852752000;-28518696000;2820330000;-786996000;2033334000;-966468000;-229538000.0;1066866000;837328000;0;1272883000;1082620720;1082620720;0;2024;4
;;60.894.730/0001-05;39871790000;2024.4T;39871790000;17430918000;5200342000;753639000;5953981000;3157262000;7451981000;22440872000;4783005000;8405097000;13188102000;7234121000;26683688000;6480247000;-24209863000;519058000;-274124000;244934000;-298673000;-63440000.0;-53739000;-117179000;41189000;0;1253079108;705260684;547818424;2024;4
;;02.387.241/0001-60;50593023000;2024.4T;50593023000;10872559000;7461618000;0;7461618000;568577000;282580000;39720464000;6668802000;28989066000;35657868000;28196250000;14935155000;3463372000;-7533536000;1449606000;-811943000;637663000;-735300000;-161800000.0;-97637000;-259437000;6718000;0;1854868949;1854868949;0;2024;4
;;17.155.730/0001-64;59726836000;2024.4T;59726836000;12232582000;1898224000;357913000;2256137000;5707615000;0;47494254000;14145808000;18197949000;32343757000;30087620000;27383079000;11176877000;-31663744000;1968358000;-418087000;1550271000;-396380000;-156278000.0;1153891000;997613000;3304498000;1462443000;2861781895;956601911;1905179984;2024;4
;;42.150.391/0001-70;101575000000;2024.4T;101575000000;37037000000;14986000000;1786000000;16772000000;4423000000;13688000000;64538000000;28272000000;77581000000;105853000000;89081000000;-4278000000;19152000000;-71414000000;1147000000;-3047000000;-1900000000;-6429000000;2442000000.0;-8329000000;-5887000000;0;0;797207834;451668652;345539182;2024;4
